-- MySQL dump 10.13  Distrib 5.7.34, for Linux (x86_64)
--
-- Host: localhost    Database: mrk_db
-- ------------------------------------------------------
-- Server version	5.7.34

/*!40101 SET @OLD_CHARACTER_SET_CLIENT=@@CHARACTER_SET_CLIENT */;
/*!40101 SET @OLD_CHARACTER_SET_RESULTS=@@CHARACTER_SET_RESULTS */;
/*!40101 SET @OLD_COLLATION_CONNECTION=@@COLLATION_CONNECTION */;
/*!40101 SET NAMES utf8 */;
/*!40103 SET @OLD_TIME_ZONE=@@TIME_ZONE */;
/*!40103 SET TIME_ZONE='+00:00' */;
/*!40014 SET @OLD_UNIQUE_CHECKS=@@UNIQUE_CHECKS, UNIQUE_CHECKS=0 */;
/*!40014 SET @OLD_FOREIGN_KEY_CHECKS=@@FOREIGN_KEY_CHECKS, FOREIGN_KEY_CHECKS=0 */;
/*!40101 SET @OLD_SQL_MODE=@@SQL_MODE, SQL_MODE='NO_AUTO_VALUE_ON_ZERO' */;
/*!40111 SET @OLD_SQL_NOTES=@@SQL_NOTES, SQL_NOTES=0 */;

--
-- Table structure for table `activity`
--

DROP TABLE IF EXISTS `activity`;
/*!40101 SET @saved_cs_client     = @@character_set_client */;
/*!40101 SET character_set_client = utf8 */;
CREATE TABLE `activity` (
  `id` varchar(60) NOT NULL,
  `description` text NOT NULL,
  `created_at` datetime DEFAULT NULL,
  `updated_at` datetime DEFAULT NULL,
  `concept_id` varchar(60) NOT NULL,
  PRIMARY KEY (`id`),
  KEY `concept_id` (`concept_id`),
  CONSTRAINT `activity_ibfk_1` FOREIGN KEY (`concept_id`) REFERENCES `concept` (`id`)
) ENGINE=InnoDB DEFAULT CHARSET=latin1;
/*!40101 SET character_set_client = @saved_cs_client */;

--
-- Dumping data for table `activity`
--

LOCK TABLES `activity` WRITE;
/*!40000 ALTER TABLE `activity` DISABLE KEYS */;
INSERT INTO `activity` VALUES ('00850ade-6444-45e6-8c0b-79107f326b13','Pisone in eo gymnasio, quod Ptolomaeum vocatur, unaque nobiscum Q. Non enim quaero quid verum, sed quid cuique dicendum sit. Dat enim intervalla et relaxat. At negat Epicurus-hoc enim vestrum lumen estquemquam, qui honeste non? <b>(Answer: iucunde posse vivere)</b>','2024-09-19 05:00:40','2024-09-19 05:00:40','87d832ca-8ff6-4b2f-9280-62ab000d2352'),('025eacda-2287-4a26-bbdd-bb6b66e8c580','Lorem ipsum dolor, sit amet consectetur adipisicing elit. Cum perferendis aut molestias? Quia consectetur, saepe veritatis excepturi quaerat porro sunt illo eaque eum expedita voluptatibus? <b>(answers: <i>Lorem, ipsum dolor.</i>)</b>','2024-09-19 05:00:39','2024-09-19 05:00:39','21457c15-3b21-4fd1-aa2a-acb7d70cb39b'),('0c5e4b0e-c67e-42c8-b1f4-ae27aa02e498','Pisone in eo gymnasio, quod Ptolomaeum vocatur, unaque nobiscum Q. Non enim quaero quid verum, sed quid cuique dicendum sit. Dat enim intervalla et relaxat. At negat Epicurus-hoc enim vestrum lumen estquemquam, qui honeste non? <b>(Answer: iucunde posse vivere)</b>','2024-09-19 05:00:40','2024-09-19 05:00:40','bff7a155-5194-46bf-b0ca-8a2a195f496b'),('1a5c7b9c-a5f6-4257-b3de-0720f5773bd7','Lorem ipsum dolor, sit amet consectetur adipisicing elit. Cum perferendis aut molestias? Quia consectetur, saepe veritatis excepturi quaerat porro sunt illo eaque eum expedita voluptatibus? <b>(answers: <i>Lorem, ipsum dolor.</i>)</b>','2024-09-19 05:00:40','2024-09-19 05:00:40','23d065cc-1531-41fc-ae14-f773f7764fd7'),('2f0c7328-0c23-429a-bc23-615adeddeadb','Pisone in eo gymnasio, quod Ptolomaeum vocatur, unaque nobiscum Q. Non enim quaero quid verum, sed quid cuique dicendum sit. Dat enim intervalla et relaxat. At negat Epicurus-hoc enim vestrum lumen estquemquam, qui honeste non? <b>(Answer: iucunde posse vivere)</b>','2024-09-19 05:00:40','2024-09-19 05:00:40','924fd130-7495-4934-b09c-b4ef5b065dc8'),('3cf13f45-67de-47e5-abfd-f50a9ebb4a37','Pisone in eo gymnasio, quod Ptolomaeum vocatur, unaque nobiscum Q. Non enim quaero quid verum, sed quid cuique dicendum sit. Dat enim intervalla et relaxat. At negat Epicurus-hoc enim vestrum lumen estquemquam, qui honeste non? <b>(Answer: iucunde posse vivere)</b>','2024-09-19 05:00:40','2024-09-19 05:00:40','5bc3de84-f34b-412d-9b54-227878c59b58'),('4481b1ef-9806-4228-9741-dffe36cb09dc','Lorem ipsum dolor, sit amet consectetur adipisicing elit. Cum perferendis aut molestias? Quia consectetur, saepe veritatis excepturi quaerat porro sunt illo eaque eum expedita voluptatibus? <b>(answers: <i>Lorem, ipsum dolor.</i>)</b>','2024-09-19 05:00:40','2024-09-19 05:00:40','819ec6e8-373a-41c9-a204-183fc29338e1'),('48f6de2d-7842-44e0-b5f2-8f82fbfa9e40','Lorem ipsum dolor, sit amet consectetur adipisicing elit. Cum perferendis aut molestias? Quia consectetur, saepe veritatis excepturi quaerat porro sunt illo eaque eum expedita voluptatibus? <b>(answers: <i>Lorem, ipsum dolor.</i>)</b>','2024-09-19 05:00:40','2024-09-19 05:00:40','643fa853-c51c-44cd-a28e-3618ebc71107'),('53193235-9157-49b1-b190-7f1991af3425','Lorem ipsum dolor, sit amet consectetur adipisicing elit. Cum perferendis aut molestias? Quia consectetur, saepe veritatis excepturi quaerat porro sunt illo eaque eum expedita voluptatibus? <b>(answers: <i>Lorem, ipsum dolor.</i>)</b>','2024-09-19 05:00:40','2024-09-19 05:00:40','924fd130-7495-4934-b09c-b4ef5b065dc8'),('53e69b27-11b6-4aed-b4ca-89dbc2a4de08','Pisone in eo gymnasio, quod Ptolomaeum vocatur, unaque nobiscum Q. Non enim quaero quid verum, sed quid cuique dicendum sit. Dat enim intervalla et relaxat. At negat Epicurus-hoc enim vestrum lumen estquemquam, qui honeste non? <b>(Answer: iucunde posse vivere)</b>','2024-09-19 05:00:40','2024-09-19 05:00:40','7c7afba5-31f2-4a30-925b-99b390aed07c'),('54396313-9ead-4501-b230-c8189f2e5b84','Pisone in eo gymnasio, quod Ptolomaeum vocatur, unaque nobiscum Q. Non enim quaero quid verum, sed quid cuique dicendum sit. Dat enim intervalla et relaxat. At negat Epicurus-hoc enim vestrum lumen estquemquam, qui honeste non? <b>(Answer: iucunde posse vivere)</b>','2024-09-19 05:00:40','2024-09-19 05:00:40','819ec6e8-373a-41c9-a204-183fc29338e1'),('6106e358-6e44-4f06-88d0-f5946c6d2802','Pisone in eo gymnasio, quod Ptolomaeum vocatur, unaque nobiscum Q. Non enim quaero quid verum, sed quid cuique dicendum sit. Dat enim intervalla et relaxat. At negat Epicurus-hoc enim vestrum lumen estquemquam, qui honeste non? <b>(Answer: iucunde posse vivere)</b>','2024-09-19 05:00:40','2024-09-19 05:00:40','643fa853-c51c-44cd-a28e-3618ebc71107'),('675431e0-872f-483e-97ba-85c5f02cd5a8','Pisone in eo gymnasio, quod Ptolomaeum vocatur, unaque nobiscum Q. Non enim quaero quid verum, sed quid cuique dicendum sit. Dat enim intervalla et relaxat. At negat Epicurus-hoc enim vestrum lumen estquemquam, qui honeste non? <b>(Answer: iucunde posse vivere)</b>','2024-09-19 05:00:40','2024-09-19 05:00:40','23d065cc-1531-41fc-ae14-f773f7764fd7'),('6a217a54-2451-47d2-9f92-55e93b109d76','Lorem ipsum dolor, sit amet consectetur adipisicing elit. Cum perferendis aut molestias? Quia consectetur, saepe veritatis excepturi quaerat porro sunt illo eaque eum expedita voluptatibus? <b>(answers: <i>Lorem, ipsum dolor.</i>)</b>','2024-09-19 05:00:40','2024-09-19 05:00:40','7c7afba5-31f2-4a30-925b-99b390aed07c'),('6c155138-5df0-4320-94c3-acfe76693541','Lorem ipsum dolor, sit amet consectetur adipisicing elit. Cum perferendis aut molestias? Quia consectetur, saepe veritatis excepturi quaerat porro sunt illo eaque eum expedita voluptatibus? <b>(answers: <i>Lorem, ipsum dolor.</i>)</b>','2024-09-19 05:00:39','2024-09-19 05:00:39','1c536e64-c053-4d00-923f-df75db1cc470'),('72bc7696-a4e9-4dba-b860-2ab860bd3648','Lorem ipsum dolor, sit amet consectetur adipisicing elit. Cum perferendis aut molestias? Quia consectetur, saepe veritatis excepturi quaerat porro sunt illo eaque eum expedita voluptatibus? <b>(answers: <i>Lorem, ipsum dolor.</i>)</b>','2024-09-19 05:00:40','2024-09-19 05:00:40','5bc3de84-f34b-412d-9b54-227878c59b58'),('77f90d7b-7505-4282-8b0d-501ff756b63e','Lorem ipsum dolor, sit amet consectetur adipisicing elit. Cum perferendis aut molestias? Quia consectetur, saepe veritatis excepturi quaerat porro sunt illo eaque eum expedita voluptatibus? <b>(answers: <i>Lorem, ipsum dolor.</i>)</b>','2024-09-19 05:00:40','2024-09-19 05:00:40','c22bd056-fb3b-4688-818f-8267529a80b0'),('8bcd0500-43e8-466d-8602-ef7674f771b2','Lorem ipsum dolor, sit amet consectetur adipisicing elit. Cum perferendis aut molestias? Quia consectetur, saepe veritatis excepturi quaerat porro sunt illo eaque eum expedita voluptatibus? <b>(answers: <i>Lorem, ipsum dolor.</i>)</b>','2024-09-19 05:00:40','2024-09-19 05:00:40','b5d17843-3754-4fb5-a6f9-78dc12779e05'),('9a633f48-df11-419f-bada-73bc45d3d105','Lorem ipsum dolor, sit amet consectetur adipisicing elit. Cum perferendis aut molestias? Quia consectetur, saepe veritatis excepturi quaerat porro sunt illo eaque eum expedita voluptatibus? <b>(answers: <i>Lorem, ipsum dolor.</i>)</b>','2024-09-19 05:00:40','2024-09-19 05:00:40','7c254b2c-2d90-4f99-8c62-d3460bab36cf'),('9ccf7198-8297-4b23-86d7-e9ab6c5c931a','Pisone in eo gymnasio, quod Ptolomaeum vocatur, unaque nobiscum Q. Non enim quaero quid verum, sed quid cuique dicendum sit. Dat enim intervalla et relaxat. At negat Epicurus-hoc enim vestrum lumen estquemquam, qui honeste non? <b>(Answer: iucunde posse vivere)</b>','2024-09-19 05:00:40','2024-09-19 05:00:40','8d2ea209-a7ce-4582-9383-4f1bad6977a8'),('d1b6d43b-fa0a-4b6e-9d0a-71b0c4117cc1','Pisone in eo gymnasio, quod Ptolomaeum vocatur, unaque nobiscum Q. Non enim quaero quid verum, sed quid cuique dicendum sit. Dat enim intervalla et relaxat. At negat Epicurus-hoc enim vestrum lumen estquemquam, qui honeste non? <b>(Answer: iucunde posse vivere)</b>','2024-09-19 05:00:40','2024-09-19 05:00:40','21457c15-3b21-4fd1-aa2a-acb7d70cb39b'),('d8ff09d6-aeae-49c6-9189-70941a8a5080','Lorem ipsum dolor, sit amet consectetur adipisicing elit. Cum perferendis aut molestias? Quia consectetur, saepe veritatis excepturi quaerat porro sunt illo eaque eum expedita voluptatibus? <b>(answers: <i>Lorem, ipsum dolor.</i>)</b>','2024-09-19 05:00:40','2024-09-19 05:00:40','87d832ca-8ff6-4b2f-9280-62ab000d2352'),('dc73439c-dc4d-49bb-996b-a35ea826a6c6','Lorem ipsum dolor, sit amet consectetur adipisicing elit. Cum perferendis aut molestias? Quia consectetur, saepe veritatis excepturi quaerat porro sunt illo eaque eum expedita voluptatibus? <b>(answers: <i>Lorem, ipsum dolor.</i>)</b>','2024-09-19 05:00:40','2024-09-19 05:00:40','bff7a155-5194-46bf-b0ca-8a2a195f496b'),('dd022c6e-067d-47b1-96df-d5a9c0c8f4f6','Pisone in eo gymnasio, quod Ptolomaeum vocatur, unaque nobiscum Q. Non enim quaero quid verum, sed quid cuique dicendum sit. Dat enim intervalla et relaxat. At negat Epicurus-hoc enim vestrum lumen estquemquam, qui honeste non? <b>(Answer: iucunde posse vivere)</b>','2024-09-19 05:00:40','2024-09-19 05:00:40','c22bd056-fb3b-4688-818f-8267529a80b0'),('e45d9e81-d2f1-43c8-b6e7-c0c176248de3','Lorem ipsum dolor, sit amet consectetur adipisicing elit. Cum perferendis aut molestias? Quia consectetur, saepe veritatis excepturi quaerat porro sunt illo eaque eum expedita voluptatibus? <b>(answers: <i>Lorem, ipsum dolor.</i>)</b>','2024-09-19 05:00:40','2024-09-19 05:00:40','8d2ea209-a7ce-4582-9383-4f1bad6977a8'),('e7cede9c-8616-4cfa-b362-7b08fcf8da6a','Pisone in eo gymnasio, quod Ptolomaeum vocatur, unaque nobiscum Q. Non enim quaero quid verum, sed quid cuique dicendum sit. Dat enim intervalla et relaxat. At negat Epicurus-hoc enim vestrum lumen estquemquam, qui honeste non? <b>(Answer: iucunde posse vivere)</b>','2024-09-19 05:00:39','2024-09-19 05:00:39','1c536e64-c053-4d00-923f-df75db1cc470'),('eed2367e-8642-413f-909b-2639e3b18f8b','Pisone in eo gymnasio, quod Ptolomaeum vocatur, unaque nobiscum Q. Non enim quaero quid verum, sed quid cuique dicendum sit. Dat enim intervalla et relaxat. At negat Epicurus-hoc enim vestrum lumen estquemquam, qui honeste non? <b>(Answer: iucunde posse vivere)</b>','2024-09-19 05:00:40','2024-09-19 05:00:40','7c254b2c-2d90-4f99-8c62-d3460bab36cf'),('fc17e479-0135-4d54-83c9-bae754a402ea','Pisone in eo gymnasio, quod Ptolomaeum vocatur, unaque nobiscum Q. Non enim quaero quid verum, sed quid cuique dicendum sit. Dat enim intervalla et relaxat. At negat Epicurus-hoc enim vestrum lumen estquemquam, qui honeste non? <b>(Answer: iucunde posse vivere)</b>','2024-09-19 05:00:40','2024-09-19 05:00:40','b5d17843-3754-4fb5-a6f9-78dc12779e05');
/*!40000 ALTER TABLE `activity` ENABLE KEYS */;
UNLOCK TABLES;

--
-- Table structure for table `alembic_version`
--

DROP TABLE IF EXISTS `alembic_version`;
/*!40101 SET @saved_cs_client     = @@character_set_client */;
/*!40101 SET character_set_client = utf8 */;
CREATE TABLE `alembic_version` (
  `version_num` varchar(32) NOT NULL,
  PRIMARY KEY (`version_num`)
) ENGINE=InnoDB DEFAULT CHARSET=latin1;
/*!40101 SET character_set_client = @saved_cs_client */;

--
-- Dumping data for table `alembic_version`
--

LOCK TABLES `alembic_version` WRITE;
/*!40000 ALTER TABLE `alembic_version` DISABLE KEYS */;
INSERT INTO `alembic_version` VALUES ('88dd12e7c7f6');
/*!40000 ALTER TABLE `alembic_version` ENABLE KEYS */;
UNLOCK TABLES;

--
-- Table structure for table `concept`
--

DROP TABLE IF EXISTS `concept`;
/*!40101 SET @saved_cs_client     = @@character_set_client */;
/*!40101 SET character_set_client = utf8 */;
CREATE TABLE `concept` (
  `id` varchar(60) NOT NULL,
  `created_at` datetime DEFAULT NULL,
  `updated_at` datetime DEFAULT NULL,
  `name` varchar(1024) NOT NULL,
  `introduction` text NOT NULL,
  `conclusion` text,
  `priority` int(11) NOT NULL,
  PRIMARY KEY (`id`),
  UNIQUE KEY `name` (`name`)
) ENGINE=InnoDB DEFAULT CHARSET=latin1;
/*!40101 SET character_set_client = @saved_cs_client */;

--
-- Dumping data for table `concept`
--

LOCK TABLES `concept` WRITE;
/*!40000 ALTER TABLE `concept` DISABLE KEYS */;
INSERT INTO `concept` VALUES ('1c536e64-c053-4d00-923f-df75db1cc470','2024-09-16 13:04:00','2024-09-18 14:06:44','Bearings','Lorem ipsum dolor sit amet, consectetur adipiscing elit. Multoque hoc melius nos veriusque quam Stoici. Quoniam, si dis placet, ab Epicuro loqui discimus. Respondent extrema primis, media utrisque, omnia omnibus. Haec para/doca illi, nos admirabilia dicamus. Cum autem in quo sapienter dicimus, id a primo rectissime dicitur. Duo Reges: constructio interrete. Et ille ridens: Video, inquit, quid agas; Ergo adhuc, quantum equidem intellego, causa non videtur fuisse mutandi nominis.','Equidem, sed audistine modo de Carneade? Quis enim redargueret? Dulce amarum, leve asperum, prope longe, stare movere, quadratum rotundum. Collige omnia, quae soletis: Praesidium amicorum. At eum nihili facit; Etenim semper illud extra est, quod arte comprehenditur. Inscite autem medicinae et',7),('21457c15-3b21-4fd1-aa2a-acb7d70cb39b','2024-09-16 13:04:00','2024-09-18 14:06:44','Reflection','Lorem ipsum dolor sit amet, consectetur adipiscing elit. Multoque hoc melius nos veriusque quam Stoici. Quoniam, si dis placet, ab Epicuro loqui discimus. Respondent extrema primis, media utrisque, omnia omnibus. Haec para/doca illi, nos admirabilia dicamus. Cum autem in quo sapienter dicimus, id a primo rectissime dicitur. Duo Reges: constructio interrete. Et ille ridens: Video, inquit, quid agas; Ergo adhuc, quantum equidem intellego, causa non videtur fuisse mutandi nominis.','Equidem, sed audistine modo de Carneade? Quis enim redargueret? Dulce amarum, leve asperum, prope longe, stare movere, quadratum rotundum. Collige omnia, quae soletis: Praesidium amicorum. At eum nihili facit; Etenim semper illud extra est, quod arte comprehenditur. Inscite autem medicinae et',10),('23d065cc-1531-41fc-ae14-f773f7764fd7','2024-09-16 13:04:00','2024-09-18 14:06:45','Equation of lines and Curves','Lorem ipsum dolor sit amet, consectetur adipiscing elit. Multoque hoc melius nos veriusque quam Stoici. Quoniam, si dis placet, ab Epicuro loqui discimus. Respondent extrema primis, media utrisque, omnia omnibus. Haec para/doca illi, nos admirabilia dicamus. Cum autem in quo sapienter dicimus, id a primo rectissime dicitur. Duo Reges: constructio interrete. Et ille ridens: Video, inquit, quid agas; Ergo adhuc, quantum equidem intellego, causa non videtur fuisse mutandi nominis.','Equidem, sed audistine modo de Carneade? Quis enim redargueret? Dulce amarum, leve asperum, prope longe, stare movere, quadratum rotundum. Collige omnia, quae soletis: Praesidium amicorum. At eum nihili facit; Etenim semper illud extra est, quod arte comprehenditur. Inscite autem medicinae et',11),('5bc3de84-f34b-412d-9b54-227878c59b58','2024-09-16 13:04:00','2024-09-18 14:06:45','General and angle properties of geometric figures','Lorem ipsum dolor sit amet, consectetur adipiscing elit. Multoque hoc melius nos veriusque quam Stoici. Quoniam, si dis placet, ab Epicuro loqui discimus. Respondent extrema primis, media utrisque, omnia omnibus. Haec para/doca illi, nos admirabilia dicamus. Cum autem in quo sapienter dicimus, id a primo rectissime dicitur. Duo Reges: constructio interrete. Et ille ridens: Video, inquit, quid agas; Ergo adhuc, quantum equidem intellego, causa non videtur fuisse mutandi nominis.','Equidem, sed audistine modo de Carneade? Quis enim redargueret? Dulce amarum, leve asperum, prope longe, stare movere, quadratum rotundum. Collige omnia, quae soletis: Praesidium amicorum. At eum nihili facit; Etenim semper illud extra est, quod arte comprehenditur. Inscite autem medicinae et',8),('643fa853-c51c-44cd-a28e-3618ebc71107','2024-09-16 13:03:59','2024-09-18 14:06:45','Number Bases','Lorem ipsum dolor sit amet, consectetur adipiscing elit. Multoque hoc melius nos veriusque quam Stoici. Quoniam, si dis placet, ab Epicuro loqui discimus. Respondent extrema primis, media utrisque, omnia omnibus. Haec para/doca illi, nos admirabilia dicamus. Cum autem in quo sapienter dicimus, id a primo rectissime dicitur. Duo Reges: constructio interrete. Et ille ridens: Video, inquit, quid agas; Ergo adhuc, quantum equidem intellego, causa non videtur fuisse mutandi nominis.','Equidem, sed audistine modo de Carneade? Quis enim redargueret? Dulce amarum, leve asperum, prope longe, stare movere, quadratum rotundum. Collige omnia, quae soletis: Praesidium amicorum. At eum nihili facit; Etenim semper illud extra est, quod arte comprehenditur. Inscite autem medicinae et',1),('7c254b2c-2d90-4f99-8c62-d3460bab36cf','2024-09-16 13:04:00','2024-09-18 14:06:46','Data collection and presentation','Lorem ipsum dolor sit amet, consectetur adipiscing elit. Multoque hoc melius nos veriusque quam Stoici. Quoniam, si dis placet, ab Epicuro loqui discimus. Respondent extrema primis, media utrisque, omnia omnibus. Haec para/doca illi, nos admirabilia dicamus. Cum autem in quo sapienter dicimus, id a primo rectissime dicitur. Duo Reges: constructio interrete. Et ille ridens: Video, inquit, quid agas; Ergo adhuc, quantum equidem intellego, causa non videtur fuisse mutandi nominis.','Equidem, sed audistine modo de Carneade? Quis enim redargueret? Dulce amarum, leve asperum, prope longe, stare movere, quadratum rotundum. Collige omnia, quae soletis: Praesidium amicorum. At eum nihili facit; Etenim semper illud extra est, quod arte comprehenditur. Inscite autem medicinae et',9),('7c7afba5-31f2-4a30-925b-99b390aed07c','2024-09-16 13:04:00','2024-09-18 14:06:46','Rectangular Cartesian Coordinates in 2-Dimensions','Lorem ipsum dolor sit amet, consectetur adipiscing elit. Multoque hoc melius nos veriusque quam Stoici. Quoniam, si dis placet, ab Epicuro loqui discimus. Respondent extrema primis, media utrisque, omnia omnibus. Haec para/doca illi, nos admirabilia dicamus. Cum autem in quo sapienter dicimus, id a primo rectissime dicitur. Duo Reges: constructio interrete. Et ille ridens: Video, inquit, quid agas; Ergo adhuc, quantum equidem intellego, causa non videtur fuisse mutandi nominis.','Equidem, sed audistine modo de Carneade? Quis enim redargueret? Dulce amarum, leve asperum, prope longe, stare movere, quadratum rotundum. Collige omnia, quae soletis: Praesidium amicorum. At eum nihili facit; Etenim semper illud extra est, quod arte comprehenditur. Inscite autem medicinae et',4),('819ec6e8-373a-41c9-a204-183fc29338e1','2024-09-16 13:04:00','2024-09-18 14:06:47','Algebra 1','Lorem ipsum dolor sit amet, consectetur adipiscing elit. Multoque hoc melius nos veriusque quam Stoici. Quoniam, si dis placet, ab Epicuro loqui discimus. Respondent extrema primis, media utrisque, omnia omnibus. Haec para/doca illi, nos admirabilia dicamus. Cum autem in quo sapienter dicimus, id a primo rectissime dicitur. Duo Reges: constructio interrete. Et ille ridens: Video, inquit, quid agas; Ergo adhuc, quantum equidem intellego, causa non videtur fuisse mutandi nominis.','Equidem, sed audistine modo de Carneade? Quis enim redargueret? Dulce amarum, leve asperum, prope longe, stare movere, quadratum rotundum. Collige omnia, quae soletis: Praesidium amicorum. At eum nihili facit; Etenim semper illud extra est, quod arte comprehenditur. Inscite autem medicinae et',12),('87d832ca-8ff6-4b2f-9280-62ab000d2352','2024-09-16 13:04:00','2024-09-18 14:06:47','Working with Integers','Lorem ipsum dolor sit amet, consectetur adipiscing elit. Multoque hoc melius nos veriusque quam Stoici. Quoniam, si dis placet, ab Epicuro loqui discimus. Respondent extrema primis, media utrisque, omnia omnibus. Haec para/doca illi, nos admirabilia dicamus. Cum autem in quo sapienter dicimus, id a primo rectissime dicitur. Duo Reges: constructio interrete. Et ille ridens: Video, inquit, quid agas; Ergo adhuc, quantum equidem intellego, causa non videtur fuisse mutandi nominis.','Equidem, sed audistine modo de Carneade? Quis enim redargueret? Dulce amarum, leve asperum, prope longe, stare movere, quadratum rotundum. Collige omnia, quae soletis: Praesidium amicorum. At eum nihili facit; Etenim semper illud extra est, quod arte comprehenditur. Inscite autem medicinae et',2),('8d2ea209-a7ce-4582-9383-4f1bad6977a8','2024-09-16 13:04:00','2024-09-18 14:06:47','Sequence and patterns','Lorem ipsum dolor sit amet, consectetur adipiscing elit. Multoque hoc melius nos veriusque quam Stoici. Quoniam, si dis placet, ab Epicuro loqui discimus. Respondent extrema primis, media utrisque, omnia omnibus. Haec para/doca illi, nos admirabilia dicamus. Cum autem in quo sapienter dicimus, id a primo rectissime dicitur. Duo Reges: constructio interrete. Et ille ridens: Video, inquit, quid agas; Ergo adhuc, quantum equidem intellego, causa non videtur fuisse mutandi nominis.','Equidem, sed audistine modo de Carneade? Quis enim redargueret? Dulce amarum, leve asperum, prope longe, stare movere, quadratum rotundum. Collige omnia, quae soletis: Praesidium amicorum. At eum nihili facit; Etenim semper illud extra est, quod arte comprehenditur. Inscite autem medicinae et',6),('924fd130-7495-4934-b09c-b4ef5b065dc8','2024-09-16 13:04:00','2024-09-18 14:06:47','Geometric Construction Skills','Lorem ipsum dolor sit amet, consectetur adipiscing elit. Multoque hoc melius nos veriusque quam Stoici. Quoniam, si dis placet, ab Epicuro loqui discimus. Respondent extrema primis, media utrisque, omnia omnibus. Haec para/doca illi, nos admirabilia dicamus. Cum autem in quo sapienter dicimus, id a primo rectissime dicitur. Duo Reges: constructio interrete. Et ille ridens: Video, inquit, quid agas; Ergo adhuc, quantum equidem intellego, causa non videtur fuisse mutandi nominis.','Equidem, sed audistine modo de Carneade? Quis enim redargueret? Dulce amarum, leve asperum, prope longe, stare movere, quadratum rotundum. Collige omnia, quae soletis: Praesidium amicorum. At eum nihili facit; Etenim semper illud extra est, quod arte comprehenditur. Inscite autem medicinae et',5),('b5d17843-3754-4fb5-a6f9-78dc12779e05','2024-09-16 13:04:00','2024-09-18 14:06:48','Fractions, Percentages and Decimals','Lorem ipsum dolor sit amet, consectetur adipiscing elit. Multoque hoc melius nos veriusque quam Stoici. Quoniam, si dis placet, ab Epicuro loqui discimus. Respondent extrema primis, media utrisque, omnia omnibus. Haec para/doca illi, nos admirabilia dicamus. Cum autem in quo sapienter dicimus, id a primo rectissime dicitur. Duo Reges: constructio interrete. Et ille ridens: Video, inquit, quid agas; Ergo adhuc, quantum equidem intellego, causa non videtur fuisse mutandi nominis.','Equidem, sed audistine modo de Carneade? Quis enim redargueret? Dulce amarum, leve asperum, prope longe, stare movere, quadratum rotundum. Collige omnia, quae soletis: Praesidium amicorum. At eum nihili facit; Etenim semper illud extra est, quod arte comprehenditur. Inscite autem medicinae et',3),('bff7a155-5194-46bf-b0ca-8a2a195f496b','2024-09-16 13:04:00','2024-09-18 14:06:48','Business arithmetics','Lorem ipsum dolor sit amet, consectetur adipiscing elit. Multoque hoc melius nos veriusque quam Stoici. Quoniam, si dis placet, ab Epicuro loqui discimus. Respondent extrema primis, media utrisque, omnia omnibus. Haec para/doca illi, nos admirabilia dicamus. Cum autem in quo sapienter dicimus, id a primo rectissime dicitur. Duo Reges: constructio interrete. Et ille ridens: Video, inquit, quid agas; Ergo adhuc, quantum equidem intellego, causa non videtur fuisse mutandi nominis.','Equidem, sed audistine modo de Carneade? Quis enim redargueret? Dulce amarum, leve asperum, prope longe, stare movere, quadratum rotundum. Collige omnia, quae soletis: Praesidium amicorum. At eum nihili facit; Etenim semper illud extra est, quod arte comprehenditur. Inscite autem medicinae et',13),('c22bd056-fb3b-4688-818f-8267529a80b0','2024-09-16 13:04:00','2024-09-18 14:06:49','Time and time tables','Lorem ipsum dolor sit amet, consectetur adipiscing elit. Multoque hoc melius nos veriusque quam Stoici. Quoniam, si dis placet, ab Epicuro loqui discimus. Respondent extrema primis, media utrisque, omnia omnibus. Haec para/doca illi, nos admirabilia dicamus. Cum autem in quo sapienter dicimus, id a primo rectissime dicitur. Duo Reges: constructio interrete. Et ille ridens: Video, inquit, quid agas; Ergo adhuc, quantum equidem intellego, causa non videtur fuisse mutandi nominis.','Equidem, sed audistine modo de Carneade? Quis enim redargueret? Dulce amarum, leve asperum, prope longe, stare movere, quadratum rotundum. Collige omnia, quae soletis: Praesidium amicorum. At eum nihili facit; Etenim semper illud extra est, quod arte comprehenditur. Inscite autem medicinae et',14);
/*!40000 ALTER TABLE `concept` ENABLE KEYS */;
UNLOCK TABLES;

--
-- Table structure for table `concept_resource`
--

DROP TABLE IF EXISTS `concept_resource`;
/*!40101 SET @saved_cs_client     = @@character_set_client */;
/*!40101 SET character_set_client = utf8 */;
CREATE TABLE `concept_resource` (
  `concept_id` varchar(60) NOT NULL,
  `resource_id` varchar(60) NOT NULL,
  PRIMARY KEY (`concept_id`,`resource_id`),
  KEY `resource_id` (`resource_id`),
  CONSTRAINT `concept_resource_ibfk_1` FOREIGN KEY (`concept_id`) REFERENCES `concept` (`id`) ON DELETE CASCADE ON UPDATE CASCADE,
  CONSTRAINT `concept_resource_ibfk_2` FOREIGN KEY (`resource_id`) REFERENCES `resource` (`id`) ON DELETE CASCADE ON UPDATE CASCADE
) ENGINE=InnoDB DEFAULT CHARSET=latin1;
/*!40101 SET character_set_client = @saved_cs_client */;

--
-- Dumping data for table `concept_resource`
--

LOCK TABLES `concept_resource` WRITE;
/*!40000 ALTER TABLE `concept_resource` DISABLE KEYS */;
INSERT INTO `concept_resource` VALUES ('1c536e64-c053-4d00-923f-df75db1cc470','0c07dd48-497b-45e5-a917-5f0f35592448'),('21457c15-3b21-4fd1-aa2a-acb7d70cb39b','0c07dd48-497b-45e5-a917-5f0f35592448'),('23d065cc-1531-41fc-ae14-f773f7764fd7','0c07dd48-497b-45e5-a917-5f0f35592448'),('5bc3de84-f34b-412d-9b54-227878c59b58','0c07dd48-497b-45e5-a917-5f0f35592448'),('643fa853-c51c-44cd-a28e-3618ebc71107','0c07dd48-497b-45e5-a917-5f0f35592448'),('7c254b2c-2d90-4f99-8c62-d3460bab36cf','0c07dd48-497b-45e5-a917-5f0f35592448'),('7c7afba5-31f2-4a30-925b-99b390aed07c','0c07dd48-497b-45e5-a917-5f0f35592448'),('819ec6e8-373a-41c9-a204-183fc29338e1','0c07dd48-497b-45e5-a917-5f0f35592448'),('87d832ca-8ff6-4b2f-9280-62ab000d2352','0c07dd48-497b-45e5-a917-5f0f35592448'),('8d2ea209-a7ce-4582-9383-4f1bad6977a8','0c07dd48-497b-45e5-a917-5f0f35592448'),('924fd130-7495-4934-b09c-b4ef5b065dc8','0c07dd48-497b-45e5-a917-5f0f35592448'),('b5d17843-3754-4fb5-a6f9-78dc12779e05','0c07dd48-497b-45e5-a917-5f0f35592448'),('bff7a155-5194-46bf-b0ca-8a2a195f496b','0c07dd48-497b-45e5-a917-5f0f35592448'),('c22bd056-fb3b-4688-818f-8267529a80b0','0c07dd48-497b-45e5-a917-5f0f35592448'),('1c536e64-c053-4d00-923f-df75db1cc470','4351a53a-9857-492b-804e-63cb3bdd9d7e'),('21457c15-3b21-4fd1-aa2a-acb7d70cb39b','4351a53a-9857-492b-804e-63cb3bdd9d7e'),('23d065cc-1531-41fc-ae14-f773f7764fd7','4351a53a-9857-492b-804e-63cb3bdd9d7e'),('5bc3de84-f34b-412d-9b54-227878c59b58','4351a53a-9857-492b-804e-63cb3bdd9d7e'),('643fa853-c51c-44cd-a28e-3618ebc71107','4351a53a-9857-492b-804e-63cb3bdd9d7e'),('7c254b2c-2d90-4f99-8c62-d3460bab36cf','4351a53a-9857-492b-804e-63cb3bdd9d7e'),('7c7afba5-31f2-4a30-925b-99b390aed07c','4351a53a-9857-492b-804e-63cb3bdd9d7e'),('819ec6e8-373a-41c9-a204-183fc29338e1','4351a53a-9857-492b-804e-63cb3bdd9d7e'),('87d832ca-8ff6-4b2f-9280-62ab000d2352','4351a53a-9857-492b-804e-63cb3bdd9d7e'),('8d2ea209-a7ce-4582-9383-4f1bad6977a8','4351a53a-9857-492b-804e-63cb3bdd9d7e'),('b5d17843-3754-4fb5-a6f9-78dc12779e05','4351a53a-9857-492b-804e-63cb3bdd9d7e'),('bff7a155-5194-46bf-b0ca-8a2a195f496b','4351a53a-9857-492b-804e-63cb3bdd9d7e'),('1c536e64-c053-4d00-923f-df75db1cc470','45d85396-3687-4264-a9e6-dfbe67355aa5'),('23d065cc-1531-41fc-ae14-f773f7764fd7','45d85396-3687-4264-a9e6-dfbe67355aa5'),('5bc3de84-f34b-412d-9b54-227878c59b58','45d85396-3687-4264-a9e6-dfbe67355aa5'),('643fa853-c51c-44cd-a28e-3618ebc71107','45d85396-3687-4264-a9e6-dfbe67355aa5'),('7c254b2c-2d90-4f99-8c62-d3460bab36cf','45d85396-3687-4264-a9e6-dfbe67355aa5'),('7c7afba5-31f2-4a30-925b-99b390aed07c','45d85396-3687-4264-a9e6-dfbe67355aa5'),('87d832ca-8ff6-4b2f-9280-62ab000d2352','45d85396-3687-4264-a9e6-dfbe67355aa5'),('8d2ea209-a7ce-4582-9383-4f1bad6977a8','45d85396-3687-4264-a9e6-dfbe67355aa5'),('bff7a155-5194-46bf-b0ca-8a2a195f496b','45d85396-3687-4264-a9e6-dfbe67355aa5'),('1c536e64-c053-4d00-923f-df75db1cc470','5a64b37a-8d7e-4c35-8f58-bd9ae2b5bb20'),('23d065cc-1531-41fc-ae14-f773f7764fd7','5a64b37a-8d7e-4c35-8f58-bd9ae2b5bb20'),('5bc3de84-f34b-412d-9b54-227878c59b58','5a64b37a-8d7e-4c35-8f58-bd9ae2b5bb20'),('643fa853-c51c-44cd-a28e-3618ebc71107','5a64b37a-8d7e-4c35-8f58-bd9ae2b5bb20'),('7c254b2c-2d90-4f99-8c62-d3460bab36cf','5a64b37a-8d7e-4c35-8f58-bd9ae2b5bb20'),('7c7afba5-31f2-4a30-925b-99b390aed07c','5a64b37a-8d7e-4c35-8f58-bd9ae2b5bb20'),('87d832ca-8ff6-4b2f-9280-62ab000d2352','5a64b37a-8d7e-4c35-8f58-bd9ae2b5bb20'),('8d2ea209-a7ce-4582-9383-4f1bad6977a8','5a64b37a-8d7e-4c35-8f58-bd9ae2b5bb20'),('bff7a155-5194-46bf-b0ca-8a2a195f496b','5a64b37a-8d7e-4c35-8f58-bd9ae2b5bb20'),('1c536e64-c053-4d00-923f-df75db1cc470','672df3fc-b576-4b0c-93ac-7c01ce750f53'),('23d065cc-1531-41fc-ae14-f773f7764fd7','672df3fc-b576-4b0c-93ac-7c01ce750f53'),('643fa853-c51c-44cd-a28e-3618ebc71107','672df3fc-b576-4b0c-93ac-7c01ce750f53'),('7c254b2c-2d90-4f99-8c62-d3460bab36cf','672df3fc-b576-4b0c-93ac-7c01ce750f53'),('7c7afba5-31f2-4a30-925b-99b390aed07c','672df3fc-b576-4b0c-93ac-7c01ce750f53'),('8d2ea209-a7ce-4582-9383-4f1bad6977a8','672df3fc-b576-4b0c-93ac-7c01ce750f53'),('bff7a155-5194-46bf-b0ca-8a2a195f496b','672df3fc-b576-4b0c-93ac-7c01ce750f53'),('1c536e64-c053-4d00-923f-df75db1cc470','6857f84a-f709-45be-8b9c-3d4e9201617c'),('23d065cc-1531-41fc-ae14-f773f7764fd7','6857f84a-f709-45be-8b9c-3d4e9201617c'),('7c254b2c-2d90-4f99-8c62-d3460bab36cf','6857f84a-f709-45be-8b9c-3d4e9201617c'),('7c7afba5-31f2-4a30-925b-99b390aed07c','6857f84a-f709-45be-8b9c-3d4e9201617c'),('8d2ea209-a7ce-4582-9383-4f1bad6977a8','6857f84a-f709-45be-8b9c-3d4e9201617c'),('1c536e64-c053-4d00-923f-df75db1cc470','7dc55fae-33f3-4c1e-8177-99285399cbdb'),('23d065cc-1531-41fc-ae14-f773f7764fd7','7dc55fae-33f3-4c1e-8177-99285399cbdb'),('7c254b2c-2d90-4f99-8c62-d3460bab36cf','7dc55fae-33f3-4c1e-8177-99285399cbdb'),('7c7afba5-31f2-4a30-925b-99b390aed07c','7dc55fae-33f3-4c1e-8177-99285399cbdb'),('8d2ea209-a7ce-4582-9383-4f1bad6977a8','7dc55fae-33f3-4c1e-8177-99285399cbdb'),('23d065cc-1531-41fc-ae14-f773f7764fd7','da6588dc-d077-4ba4-8b4b-4cab4b4afaeb'),('7c7afba5-31f2-4a30-925b-99b390aed07c','da6588dc-d077-4ba4-8b4b-4cab4b4afaeb'),('23d065cc-1531-41fc-ae14-f773f7764fd7','da825687-231e-41c7-a26d-967beae1e760'),('7c7afba5-31f2-4a30-925b-99b390aed07c','da825687-231e-41c7-a26d-967beae1e760');
/*!40000 ALTER TABLE `concept_resource` ENABLE KEYS */;
UNLOCK TABLES;

--
-- Table structure for table `option`
--

DROP TABLE IF EXISTS `option`;
/*!40101 SET @saved_cs_client     = @@character_set_client */;
/*!40101 SET character_set_client = utf8 */;
CREATE TABLE `option` (
  `id` varchar(60) NOT NULL,
  `description` text NOT NULL,
  `created_at` datetime DEFAULT NULL,
  `updated_at` datetime DEFAULT NULL,
  `identifier` varchar(15) NOT NULL,
  PRIMARY KEY (`id`)
) ENGINE=InnoDB DEFAULT CHARSET=latin1;
/*!40101 SET character_set_client = @saved_cs_client */;

--
-- Dumping data for table `option`
--

LOCK TABLES `option` WRITE;
/*!40000 ALTER TABLE `option` DISABLE KEYS */;
INSERT INTO `option` VALUES ('00df4e15-f5d7-4f04-b7c9-f1c7ce6d7ade','illa autem voluptas ipsius','2024-09-18 14:06:48','2024-09-18 14:06:49','D'),('026d96ae-9bb3-4aaf-a8d0-61146498639f','illa autem voluptas ipsius','2024-09-18 14:06:46','2024-09-18 14:06:46','D'),('03a078cb-9b77-4882-bf0a-e2441630eb1c','illa autem voluptas ipsius','2024-09-18 14:06:47','2024-09-18 14:06:47','D'),('049f5812-aa8b-4d8b-9b27-9612fe12489f','illa autem voluptas','2024-09-18 14:06:45','2024-09-18 14:06:45','C'),('069d4d14-6fe5-4741-be25-bac4230f32cc','illa autem voluptas ipsius in motu est','2024-09-18 14:06:44','2024-09-18 14:06:44','B'),('07b58425-6230-4a8a-b1c0-66ab1fc718c7','illa autem voluptas ipsius in motu est','2024-09-18 14:06:47','2024-09-18 14:06:47','B'),('098e631f-a8a3-4b95-8bc8-17aaafc03ff8','illa autem voluptas ipsius','2024-09-18 14:06:47','2024-09-18 14:06:47','D'),('09a29d8d-5d2d-40cb-af82-b654bf828341','illa autem voluptas ipsius in motu est','2024-09-18 14:06:44','2024-09-18 14:06:44','B'),('09d6d791-e360-4734-b187-c0996ec53d40','illa autem voluptas ipsius','2024-09-18 14:06:44','2024-09-18 14:06:44','A'),('0a0870d3-13a8-445b-b366-d4e5c7f6690d','illa autem voluptas ipsius','2024-09-18 14:06:48','2024-09-18 14:06:48','D'),('0ad94319-7dd2-4a38-ab75-b06cb8241888','illa autem voluptas ipsius in motu est','2024-09-18 14:06:48','2024-09-18 14:06:48','B'),('0bd47e42-c646-40ce-8a46-d1fe65c154fb','illa autem voluptas','2024-09-18 14:06:48','2024-09-18 14:06:48','C'),('0d2106ad-68b1-4b99-8104-9d8b7e79ec31','illa autem voluptas ipsius','2024-09-18 14:06:45','2024-09-18 14:06:45','A'),('0ec4ebd3-2203-471e-9b61-5b90b732033e','illa autem voluptas','2024-09-18 14:06:46','2024-09-18 14:06:46','C'),('0f302791-850e-4964-ab6d-6be2c28a7d10','illa autem voluptas ipsius','2024-09-18 14:06:45','2024-09-18 14:06:46','D'),('1489a372-1ab2-4f6c-9979-684bc92b6c18','illa autem voluptas ipsius','2024-09-18 14:06:45','2024-09-18 14:06:45','D'),('15bdf7e1-5035-4250-ac89-5b4af515a779','illa autem voluptas','2024-09-18 14:06:44','2024-09-18 14:06:44','C'),('16b2e60a-2239-416b-9223-592dd01f60d5','illa autem voluptas ipsius','2024-09-18 14:06:46','2024-09-18 14:06:46','A'),('17dcdbe9-ebff-4c9c-9a3c-005d7148c997','illa autem voluptas ipsius in motu est','2024-09-18 14:06:44','2024-09-18 14:06:44','B'),('18ddc64d-cda4-4a7d-a572-9b3be2344d77','illa autem voluptas ipsius','2024-09-18 14:06:47','2024-09-18 14:06:47','A'),('1f9d6c4b-9c6f-42db-a7b2-78e215e9c9af','illa autem voluptas','2024-09-18 14:06:48','2024-09-18 14:06:48','C'),('20eb92ef-a1e3-4273-92ae-47b868f71931','illa autem voluptas ipsius','2024-09-18 14:06:47','2024-09-18 14:06:47','A'),('26b325f9-eb2d-4a54-8186-a3047769cfab','illa autem voluptas','2024-09-18 14:06:44','2024-09-18 14:06:44','C'),('26bfa3a3-ed2b-43fc-b306-4359690657ea','illa autem voluptas ipsius','2024-09-18 14:06:46','2024-09-18 14:06:46','D'),('28ed0958-51f8-424c-9b2e-fc945745ebbf','illa autem voluptas ipsius','2024-09-18 14:06:44','2024-09-18 14:06:44','A'),('2b5d4a1a-c77e-42ec-b98b-3e6ea48d52c2','illa autem voluptas','2024-09-18 14:06:46','2024-09-18 14:06:46','C'),('2bd9011c-7597-452e-8c9e-e92e205b48e9','illa autem voluptas ipsius','2024-09-18 14:06:48','2024-09-18 14:06:48','A'),('2f41006d-778c-41b3-ab32-34c529cc6e79','illa autem voluptas','2024-09-18 14:06:45','2024-09-18 14:06:45','C'),('31cce5b5-d10c-4f82-9b07-0c7e9e282ee0','illa autem voluptas ipsius','2024-09-18 14:06:44','2024-09-18 14:06:44','D'),('3385da3a-c50c-4c3e-b4d0-9d10df32f934','illa autem voluptas ipsius','2024-09-18 14:06:48','2024-09-18 14:06:48','D'),('33ad5507-cf65-49da-9697-bde59e38068a','illa autem voluptas ipsius in motu est','2024-09-18 14:06:47','2024-09-18 14:06:47','B'),('34bd5a7e-f040-4dac-b73a-2c2573f0b587','illa autem voluptas ipsius','2024-09-18 14:06:47','2024-09-18 14:06:47','A'),('3645e83f-f947-4346-bd41-ce7bed5fd021','illa autem voluptas ipsius in motu est','2024-09-18 14:06:44','2024-09-18 14:06:44','B'),('390bb9f8-7ab3-48ca-a387-ba76cff89463','illa autem voluptas ipsius','2024-09-18 14:06:47','2024-09-18 14:06:47','D'),('3c5c1849-9940-4d33-973d-248901bccb69','illa autem voluptas ipsius in motu est','2024-09-18 14:06:45','2024-09-18 14:06:45','B'),('3e566bdd-0607-4a85-8bdb-93e3d638f3c1','illa autem voluptas ipsius','2024-09-18 14:06:48','2024-09-18 14:06:48','A'),('3ebc0393-18d5-492f-ae6a-05138eb3b47a','illa autem voluptas','2024-09-18 14:06:47','2024-09-18 14:06:47','C'),('421c735c-fb2f-496a-8f92-32158afc774b','illa autem voluptas ipsius','2024-09-18 14:06:45','2024-09-18 14:06:45','A'),('42572a65-6f65-47ff-bfd3-79abee12e935','illa autem voluptas ipsius in motu est','2024-09-18 14:06:44','2024-09-18 14:06:44','B'),('42cdbd32-28cb-48bf-9862-523d1c65f3e6','illa autem voluptas ipsius','2024-09-18 14:06:48','2024-09-18 14:06:48','A'),('4376b847-49f3-4b0c-90af-bd1fbe479138','illa autem voluptas ipsius in motu est','2024-09-18 14:06:48','2024-09-18 14:06:48','B'),('43dacad3-ee67-4f11-b5c6-ce50f757d8d2','illa autem voluptas ipsius','2024-09-18 14:06:47','2024-09-18 14:06:47','D'),('441d9430-f704-4413-a99f-9de3138eb889','illa autem voluptas ipsius','2024-09-18 14:06:47','2024-09-18 14:06:47','D'),('45633f05-628b-4b76-b68d-91e2585af7fd','illa autem voluptas ipsius','2024-09-18 14:06:44','2024-09-18 14:06:44','A'),('469ebe71-4e3b-47b5-a26b-023159d74790','illa autem voluptas ipsius','2024-09-18 14:06:44','2024-09-18 14:06:44','D'),('4860c66e-e380-4a59-9ecb-c48a2318266f','illa autem voluptas ipsius in motu est','2024-09-18 14:06:48','2024-09-18 14:06:48','B'),('49e2276d-9c55-4fe8-ba77-877489186210','illa autem voluptas ipsius','2024-09-18 14:06:47','2024-09-18 14:06:47','D'),('4bdf3721-96dc-463a-9cae-723c088b97ba','illa autem voluptas','2024-09-18 14:06:46','2024-09-18 14:06:46','C'),('4cdb919c-99ed-4e21-868f-5d89fab3cdc4','illa autem voluptas ipsius','2024-09-18 14:06:46','2024-09-18 14:06:46','A'),('4fbabb0b-85e5-4f9e-a420-9e4ccb2eaf27','illa autem voluptas','2024-09-18 14:06:44','2024-09-18 14:06:44','C'),('4fc20254-70f2-4f30-b781-b876858f669b','illa autem voluptas ipsius','2024-09-18 14:06:48','2024-09-18 14:06:48','D'),('5143c8d2-3bea-4b1c-bf3f-402901137d28','illa autem voluptas ipsius','2024-09-18 14:06:47','2024-09-18 14:06:47','A'),('52d868e7-1353-46f8-8c5f-5b1c692aeff2','illa autem voluptas ipsius','2024-09-18 14:06:47','2024-09-18 14:06:47','A'),('53153914-cbc6-470e-846a-3795056b9b76','illa autem voluptas','2024-09-18 14:06:46','2024-09-18 14:06:46','C'),('548ed0bb-641e-4bb6-9bfa-7f8207c987dd','illa autem voluptas ipsius','2024-09-18 14:06:45','2024-09-18 14:06:45','D'),('54aae1bf-2b16-45f0-8de0-d641c813b918','illa autem voluptas ipsius','2024-09-18 14:06:44','2024-09-18 14:06:44','A'),('5791616c-be6d-4276-bc7f-d1fc2d7d71ea','illa autem voluptas ipsius in motu est','2024-09-18 14:06:48','2024-09-18 14:06:48','B'),('594d77cc-4e6c-4251-ab92-4d37034e2b8f','illa autem voluptas ipsius','2024-09-18 14:06:44','2024-09-18 14:06:44','A'),('59e51708-bdc8-4e8d-bffa-c40d2021fb9c','illa autem voluptas ipsius','2024-09-18 14:06:48','2024-09-18 14:06:48','D'),('5c3406c6-a4ff-48ad-a316-17eff74108e6','illa autem voluptas','2024-09-18 14:06:47','2024-09-18 14:06:47','C'),('5edf712b-8a4b-4a1e-97e2-d8372e79d187','illa autem voluptas ipsius in motu est','2024-09-18 14:06:45','2024-09-18 14:06:45','B'),('5f40161c-62e7-442d-8864-702135e2bf5a','illa autem voluptas ipsius in motu est','2024-09-18 14:06:44','2024-09-18 14:06:44','B'),('5ff2c0d3-a5b4-4e28-95e9-0502cbdf554a','illa autem voluptas ipsius','2024-09-18 14:06:44','2024-09-18 14:06:44','D'),('61ccd0fc-88a1-453e-85e7-66d35b718f64','illa autem voluptas ipsius','2024-09-18 14:06:45','2024-09-18 14:06:45','A'),('61e16283-5b23-46ce-8144-51edd5d1060f','illa autem voluptas','2024-09-18 14:06:47','2024-09-18 14:06:47','C'),('647c8870-543d-45d3-9b34-c22c627b5245','illa autem voluptas ipsius in motu est','2024-09-18 14:06:47','2024-09-18 14:06:47','B'),('6c25d59e-1747-44b1-8d1b-e25b39342239','illa autem voluptas ipsius in motu est','2024-09-18 14:06:46','2024-09-18 14:06:46','B'),('6e8ff9d6-bfb3-4aa9-a476-637e891126f3','illa autem voluptas','2024-09-18 14:06:44','2024-09-18 14:06:44','C'),('708b73a7-8f78-4e83-8cc4-7461be907499','illa autem voluptas ipsius in motu est','2024-09-18 14:06:48','2024-09-18 14:06:48','B'),('7121f89b-14e3-44b5-baf2-29c6c7084222','illa autem voluptas ipsius in motu est','2024-09-18 14:06:47','2024-09-18 14:06:47','B'),('7141b56b-039c-4cf0-84c3-b89e26bb4368','illa autem voluptas','2024-09-18 14:06:47','2024-09-18 14:06:47','C'),('71ac83f2-e016-4eac-9679-b39e084ea980','illa autem voluptas ipsius','2024-09-18 14:06:47','2024-09-18 14:06:47','D'),('72484e14-0d37-441b-aa84-a42469b5140c','illa autem voluptas','2024-09-18 14:06:47','2024-09-18 14:06:47','C'),('73c419fb-4f6f-42b4-8b4f-d4b1d20be22e','illa autem voluptas','2024-09-18 14:06:44','2024-09-18 14:06:44','C'),('743d3f09-3f96-42da-aa6a-4e8bd36b2333','illa autem voluptas ipsius','2024-09-18 14:06:48','2024-09-18 14:06:48','D'),('747ebd39-6578-4264-99dc-67910f64f923','illa autem voluptas ipsius in motu est','2024-09-18 14:06:46','2024-09-18 14:06:46','B'),('754e7a84-44c9-4169-9074-f4f7c69a5f3a','illa autem voluptas ipsius','2024-09-18 14:06:47','2024-09-18 14:06:47','A'),('7af757d2-eb37-4709-8ffb-6d2f8c4f5636','illa autem voluptas ipsius','2024-09-18 14:06:45','2024-09-18 14:06:45','A'),('7b62e10d-8644-4a9b-962a-4ab3724c2308','illa autem voluptas ipsius in motu est','2024-09-18 14:06:46','2024-09-18 14:06:46','B'),('7d643a4c-e733-473d-bdce-ded33a2794cd','illa autem voluptas ipsius','2024-09-18 14:06:45','2024-09-18 14:06:45','A'),('7d9f661a-ebfe-4ca4-8737-efd26e6bc7c5','illa autem voluptas ipsius in motu est','2024-09-18 14:06:44','2024-09-18 14:06:44','B'),('801d8598-80d4-4fe0-8e2d-62f1291e27a1','illa autem voluptas','2024-09-18 14:06:47','2024-09-18 14:06:47','C'),('80b7f79b-6884-4538-b4e6-0f662ad94340','illa autem voluptas','2024-09-18 14:06:48','2024-09-18 14:06:48','C'),('81f5a64e-cdbd-4891-b013-dedf2c6c5387','illa autem voluptas ipsius','2024-09-18 14:06:46','2024-09-18 14:06:46','A'),('82195cb2-c820-4c47-a6e5-1bf651691d80','illa autem voluptas','2024-09-18 14:06:48','2024-09-18 14:06:48','C'),('838c124d-cfa0-41ed-aab7-785c2d34b038','illa autem voluptas','2024-09-18 14:06:47','2024-09-18 14:06:47','C'),('84db23b1-ec14-447e-ae50-75ceb47b6269','illa autem voluptas ipsius','2024-09-18 14:06:46','2024-09-18 14:06:46','A'),('8541ea50-552c-4edd-b3b8-2fc4708ab70b','illa autem voluptas ipsius','2024-09-18 14:06:44','2024-09-18 14:06:44','D'),('868a8a6a-30e8-4b3a-9e61-7dfa5e9adaa1','illa autem voluptas','2024-09-18 14:06:48','2024-09-18 14:06:48','C'),('870859a1-4933-41c0-af7e-fa90086b7ffa','illa autem voluptas ipsius','2024-09-18 14:06:48','2024-09-18 14:06:48','A'),('8824c8fa-84c0-4f23-9ed3-306e6f1dcd17','illa autem voluptas','2024-09-18 14:06:46','2024-09-18 14:06:47','C'),('8a3e2eac-f19b-4edc-a0a0-f3e990bd63d9','illa autem voluptas ipsius in motu est','2024-09-18 14:06:47','2024-09-18 14:06:47','B'),('8adba2dc-62d6-415c-b0a6-ccf1abb108d5','illa autem voluptas ipsius','2024-09-18 14:06:46','2024-09-18 14:06:46','D'),('8bb8f9c3-fcab-48a8-9c90-47a7920005ae','illa autem voluptas','2024-09-18 14:06:44','2024-09-18 14:06:45','C'),('8cfa941b-7edb-4349-8159-a8e65a2b3301','illa autem voluptas ipsius','2024-09-18 14:06:48','2024-09-18 14:06:48','A'),('8d0ad0b7-4cc6-4f59-857c-0c6297e28779','illa autem voluptas ipsius','2024-09-18 14:06:46','2024-09-18 14:06:46','D'),('8d5d8025-7501-4601-9448-141cf3bf6686','illa autem voluptas ipsius in motu est','2024-09-18 14:06:45','2024-09-18 14:06:45','B'),('8e65bff6-de21-4c6b-91f1-beab959e10e1','illa autem voluptas','2024-09-18 14:06:47','2024-09-18 14:06:47','C'),('8f992b60-1f16-403a-8e48-3c787edd044d','illa autem voluptas ipsius','2024-09-18 14:06:47','2024-09-18 14:06:47','A'),('8fa9bd4a-a367-4b0a-80fd-a8a48bca24f0','illa autem voluptas ipsius','2024-09-18 14:06:47','2024-09-18 14:06:47','A'),('8ffd2449-21cc-4525-9792-9084987e6976','illa autem voluptas ipsius','2024-09-18 14:06:44','2024-09-18 14:06:44','A'),('90f07589-83d3-40ea-beb9-beeabc255fe3','illa autem voluptas ipsius','2024-09-18 14:06:48','2024-09-18 14:06:48','D'),('9433fab1-6f7f-43f3-ba54-319bc4288a6a','illa autem voluptas ipsius','2024-09-18 14:06:44','2024-09-18 14:06:44','A'),('95a3157b-aae1-4aa1-b2ec-ba08283c4e19','illa autem voluptas ipsius','2024-09-18 14:06:46','2024-09-18 14:06:46','A'),('971817c1-921f-4ca4-8f17-752575b77518','illa autem voluptas','2024-09-18 14:06:46','2024-09-18 14:06:46','C'),('993cf187-a7fa-40e2-93cc-880518377d5d','illa autem voluptas ipsius in motu est','2024-09-18 14:06:45','2024-09-18 14:06:45','B'),('99b172dd-f577-4940-8da1-a944d6a3f7cf','illa autem voluptas ipsius in motu est','2024-09-18 14:06:46','2024-09-18 14:06:46','B'),('9b97fe7f-51f4-4081-9d93-58593470d1bf','illa autem voluptas ipsius','2024-09-18 14:06:46','2024-09-18 14:06:46','D'),('9d7aac02-430d-484d-b910-4270e4d106e1','illa autem voluptas ipsius','2024-09-18 14:06:45','2024-09-18 14:06:45','D'),('9f9f4b57-cee5-46e5-9133-ca240fdce539','illa autem voluptas ipsius in motu est','2024-09-18 14:06:44','2024-09-18 14:06:44','B'),('a0ec1697-7603-4195-81f3-3f556b50e223','illa autem voluptas ipsius','2024-09-18 14:06:46','2024-09-18 14:06:46','D'),('a30fe1a8-bcd0-4dbb-a7e4-4854cedd990b','illa autem voluptas ipsius','2024-09-18 14:06:45','2024-09-18 14:06:45','A'),('a39547a1-b974-40d0-bba0-ff33f6f7170e','illa autem voluptas ipsius','2024-09-18 14:06:46','2024-09-18 14:06:46','A'),('a5032c5f-bdb3-4a56-923f-f2c85b7ffde2','illa autem voluptas','2024-09-18 14:06:44','2024-09-18 14:06:44','C'),('a784b170-3322-40c6-a093-d56c3190d42c','illa autem voluptas ipsius in motu est','2024-09-18 14:06:47','2024-09-18 14:06:47','B'),('a7e8a326-64a5-484f-b2e6-42659bbd53bc','illa autem voluptas ipsius in motu est','2024-09-18 14:06:48','2024-09-18 14:06:48','B'),('a933c40e-66b1-471f-8350-8d770ac075ce','illa autem voluptas ipsius','2024-09-18 14:06:48','2024-09-18 14:06:48','D'),('abc50433-6ca5-4dcb-b74e-8ff183c1b60c','illa autem voluptas ipsius in motu est','2024-09-18 14:06:48','2024-09-18 14:06:48','B'),('abf5db12-9938-4313-8e7e-35687a9d0060','illa autem voluptas ipsius','2024-09-18 14:06:47','2024-09-18 14:06:47','D'),('af3e569c-66d0-4bba-9275-6c0cb7592c32','illa autem voluptas ipsius','2024-09-18 14:06:48','2024-09-18 14:06:48','A'),('af4fad4f-9204-42ae-ac9c-58d602433c53','illa autem voluptas ipsius in motu est','2024-09-18 14:06:48','2024-09-18 14:06:48','B'),('b01d13d3-7c04-4601-a365-2044050299af','illa autem voluptas ipsius','2024-09-18 14:06:46','2024-09-18 14:06:46','D'),('b4d11d01-6513-4868-8e95-c38f864e8074','illa autem voluptas ipsius in motu est','2024-09-18 14:06:46','2024-09-18 14:06:46','B'),('b54f68f7-ee6d-4770-8e67-6f81c64565a6','illa autem voluptas ipsius in motu est','2024-09-18 14:06:45','2024-09-18 14:06:45','B'),('b66220d1-6b03-406a-9e5e-30e70dffa03a','illa autem voluptas ipsius','2024-09-18 14:06:45','2024-09-18 14:06:45','A'),('b8044c1e-fa5c-48b7-ba43-3c7e0849bec2','illa autem voluptas','2024-09-18 14:06:48','2024-09-18 14:06:48','C'),('b8596df6-f003-46c3-a6bb-4963fa36d131','illa autem voluptas ipsius in motu est','2024-09-18 14:06:47','2024-09-18 14:06:47','B'),('b90b8250-6157-426b-b592-d88ab4be7bc2','illa autem voluptas','2024-09-18 14:06:48','2024-09-18 14:06:48','C'),('b973159f-6f83-4938-8347-3ec4d69151f9','illa autem voluptas ipsius','2024-09-18 14:06:45','2024-09-18 14:06:45','D'),('bc6c1ece-d9c3-48ae-bbb6-8ca1eb956a6f','illa autem voluptas ipsius','2024-09-18 14:06:44','2024-09-18 14:06:44','D'),('c595db50-622d-410a-acc4-e7ce933a8fdf','illa autem voluptas ipsius','2024-09-18 14:06:45','2024-09-18 14:06:45','D'),('c5a4b1c1-baa0-4b66-baaa-d5f04b45d5d3','illa autem voluptas ipsius','2024-09-18 14:06:44','2024-09-18 14:06:44','A'),('c5df5a84-568a-46e1-a0a8-85079bc9ae7c','illa autem voluptas','2024-09-18 14:06:45','2024-09-18 14:06:45','C'),('c7dcbd2a-b1b2-4181-88b8-fca95f09583d','illa autem voluptas','2024-09-18 14:06:46','2024-09-18 14:06:46','C'),('c9b2a816-aad4-4a2a-b086-14eec5105c83','illa autem voluptas ipsius in motu est','2024-09-18 14:06:48','2024-09-18 14:06:48','B'),('ca0a9cb2-4f5f-4eeb-b1bb-959190e8ec4e','illa autem voluptas ipsius','2024-09-18 14:06:47','2024-09-18 14:06:47','A'),('cac0ba97-84ca-4eb8-a15e-b5bea1c250ff','illa autem voluptas ipsius in motu est','2024-09-18 14:06:46','2024-09-18 14:06:47','B'),('cb741b64-371d-4ecf-ad08-03b1cc5bd3a2','illa autem voluptas','2024-09-18 14:06:47','2024-09-18 14:06:47','C'),('cc5d93d7-20a8-4439-8d2d-83cf55d145f0','illa autem voluptas','2024-09-18 14:06:45','2024-09-18 14:06:45','C'),('cfa3d592-6a22-48ef-a412-01742cedbc0c','illa autem voluptas ipsius','2024-09-18 14:06:44','2024-09-18 14:06:44','D'),('d15743fb-14bf-42d3-b866-54d724033f9f','illa autem voluptas ipsius','2024-09-18 14:06:47','2024-09-18 14:06:47','D'),('d36fb1c8-8853-4452-93f3-6d4f9925e307','illa autem voluptas ipsius','2024-09-18 14:06:48','2024-09-18 14:06:48','A'),('d72e949a-3468-4770-875b-da940dc2d4ef','illa autem voluptas ipsius','2024-09-18 14:06:45','2024-09-18 14:06:45','D'),('d8e109c0-93ed-4d07-a73f-1d0f27ee3a6e','illa autem voluptas','2024-09-18 14:06:44','2024-09-18 14:06:44','C'),('db67bae8-7847-4f55-a57d-a5de2b4e0661','illa autem voluptas ipsius in motu est','2024-09-18 14:06:46','2024-09-18 14:06:46','B'),('dd52600b-4a9e-403c-913f-dbece8d3362e','illa autem voluptas','2024-09-18 14:06:45','2024-09-18 14:06:45','C'),('de5e69d9-4343-4768-a7d1-de49cc345397','illa autem voluptas ipsius','2024-09-18 14:06:46','2024-09-18 14:06:47','D'),('deb0dc0c-aec4-47d1-9d7b-1d4f29de4bd2','illa autem voluptas ipsius','2024-09-18 14:06:48','2024-09-18 14:06:48','A'),('e183bf72-e4f0-4420-8459-8f0f523fb9b4','illa autem voluptas ipsius in motu est','2024-09-18 14:06:46','2024-09-18 14:06:46','B'),('e572d13b-cd50-4465-bbc6-662be78dfc47','illa autem voluptas','2024-09-18 14:06:48','2024-09-18 14:06:48','C'),('e7903adc-0a25-47ba-9685-f576859dc81b','illa autem voluptas','2024-09-18 14:06:45','2024-09-18 14:06:45','C'),('e7bd3413-da46-4b2f-b6bf-05fc64e94166','illa autem voluptas ipsius','2024-09-18 14:06:46','2024-09-18 14:06:46','A'),('e7c720b6-c683-4741-91fc-0acfd94c8833','illa autem voluptas ipsius','2024-09-18 14:06:46','2024-09-18 14:06:46','A'),('e879f931-706d-453f-85df-3a82a61f11c6','illa autem voluptas ipsius','2024-09-18 14:06:48','2024-09-18 14:06:48','D'),('efeb8b70-e4a1-4571-9160-938f141514ae','illa autem voluptas','2024-09-18 14:06:48','2024-09-18 14:06:48','C'),('f005eec9-de1d-44f7-8fe0-84cfb1e97c8e','illa autem voluptas ipsius in motu est','2024-09-18 14:06:45','2024-09-18 14:06:45','B'),('f07313dd-442a-40c8-b680-0ce4ddbf0a7e','illa autem voluptas','2024-09-18 14:06:44','2024-09-18 14:06:44','C'),('f0b691a1-3377-4d05-a928-b1c46c046274','illa autem voluptas ipsius','2024-09-18 14:06:44','2024-09-18 14:06:44','D'),('f0e8379e-5f4e-4f25-ae2b-d988eccae5ed','illa autem voluptas','2024-09-18 14:06:46','2024-09-18 14:06:46','C'),('f12c2dc7-ab21-4f65-9821-5de8fbd11837','illa autem voluptas ipsius in motu est','2024-09-18 14:06:44','2024-09-18 14:06:44','B'),('f48a4cf3-45fb-4534-b521-dfa1c1e98a93','illa autem voluptas ipsius','2024-09-18 14:06:44','2024-09-18 14:06:44','A'),('f5490c5e-7324-4211-9dce-3e87806e5b54','illa autem voluptas','2024-09-18 14:06:45','2024-09-18 14:06:45','C'),('f6b66ec8-8d61-423e-84a8-8bfb83a8409c','illa autem voluptas ipsius in motu est','2024-09-18 14:06:47','2024-09-18 14:06:47','B'),('f82dbcd5-fc86-4455-b56b-bd92a14831ee','illa autem voluptas ipsius','2024-09-18 14:06:44','2024-09-18 14:06:44','D'),('fc150f1c-f40f-4588-975c-67bae1f390e9','illa autem voluptas ipsius in motu est','2024-09-18 14:06:47','2024-09-18 14:06:47','B'),('fc7a0894-cd8f-40ad-8f15-ae15a1f2ee4e','illa autem voluptas ipsius','2024-09-18 14:06:44','2024-09-18 14:06:45','D'),('fcb3b307-b0f1-49a7-8f4f-13445a797316','illa autem voluptas ipsius','2024-09-18 14:06:48','2024-09-18 14:06:48','A'),('fe955454-6481-45ff-9492-7643f4a026db','illa autem voluptas ipsius in motu est','2024-09-18 14:06:45','2024-09-18 14:06:45','B');
/*!40000 ALTER TABLE `option` ENABLE KEYS */;
UNLOCK TABLES;

--
-- Table structure for table `quiz`
--

DROP TABLE IF EXISTS `quiz`;
/*!40101 SET @saved_cs_client     = @@character_set_client */;
/*!40101 SET character_set_client = utf8 */;
CREATE TABLE `quiz` (
  `id` varchar(60) NOT NULL,
  `description` text NOT NULL,
  `created_at` datetime DEFAULT NULL,
  `updated_at` datetime DEFAULT NULL,
  `correct_option` varchar(15) NOT NULL,
  `concept_id` varchar(60) NOT NULL,
  PRIMARY KEY (`id`),
  KEY `concept_id` (`concept_id`),
  CONSTRAINT `quiz_ibfk_1` FOREIGN KEY (`concept_id`) REFERENCES `concept` (`id`)
) ENGINE=InnoDB DEFAULT CHARSET=latin1;
/*!40101 SET character_set_client = @saved_cs_client */;

--
-- Dumping data for table `quiz`
--

LOCK TABLES `quiz` WRITE;
/*!40000 ALTER TABLE `quiz` DISABLE KEYS */;
INSERT INTO `quiz` VALUES ('0221149f-8822-4167-94db-c145cc4bb1f7','Nunc dicam de voluptate, nihil scilicet novi, ea tamen, quae te?','2024-09-18 14:06:46','2024-09-18 14:06:46','A','7c7afba5-31f2-4a30-925b-99b390aed07c'),('07f9ace7-039f-47d1-a312-5dd70b99aefb','Laut cogitari esse aliquod animal, quod se oderit? Quid censes in Latino fore?','2024-09-18 14:06:44','2024-09-18 14:06:45','A','23d065cc-1531-41fc-ae14-f773f7764fd7'),('08ec4f8c-58f8-4c75-8211-d9ec1f9fbc6f','Itaque hic ipse iam pridem est reiectus...','2024-09-18 14:06:46','2024-09-18 14:06:47','B','819ec6e8-373a-41c9-a204-183fc29338e1'),('10b565cb-b09a-4a7e-8d36-fa7e6fcdafbc','Itaque hic ipse iam pridem est reiectus...','2024-09-18 14:06:48','2024-09-18 14:06:48','A','b5d17843-3754-4fb5-a6f9-78dc12779e05'),('16bb1fb9-827f-4e2d-96a2-ad351d7d96a3','Nunc dicam de voluptate, nihil scilicet novi, ea tamen, quae te?','2024-09-18 14:06:48','2024-09-18 14:06:48','B','b5d17843-3754-4fb5-a6f9-78dc12779e05'),('16d2020b-3229-4f0a-91d5-b4f562670dc7','Itaque hic ipse iam pridem est reiectus...','2024-09-18 14:06:45','2024-09-18 14:06:45','D','5bc3de84-f34b-412d-9b54-227878c59b58'),('17fb120e-f278-427f-a9d8-591c42855184','Nunc dicam de voluptate, nihil scilicet novi, ea tamen, quae te?','2024-09-18 14:06:48','2024-09-18 14:06:48','A','bff7a155-5194-46bf-b0ca-8a2a195f496b'),('1c1e4621-e6f5-462c-a2b2-90f38dd18e97','Nunc dicam de voluptate, nihil scilicet novi, ea tamen, quae te?','2024-09-18 14:06:47','2024-09-18 14:06:47','D','8d2ea209-a7ce-4582-9383-4f1bad6977a8'),('1d91b05c-06fa-49d1-b485-cd053259233b','Nunc dicam de voluptate, nihil scilicet novi, ea tamen, quae te?','2024-09-18 14:06:47','2024-09-18 14:06:47','B','87d832ca-8ff6-4b2f-9280-62ab000d2352'),('29a17823-c8c0-4227-b2e8-d0c84de1fa34','Laut cogitari esse aliquod animal, quod se oderit? Quid censes in Latino fore?','2024-09-18 14:06:45','2024-09-18 14:06:45','D','5bc3de84-f34b-412d-9b54-227878c59b58'),('38cd2f11-3eaa-4283-acc5-b1fdd5e16965','Itaque hic ipse iam pridem est reiectus...','2024-09-18 14:06:44','2024-09-18 14:06:44','B','21457c15-3b21-4fd1-aa2a-acb7d70cb39b'),('48101b33-7311-4dac-9281-38d655ea8bde','Laut cogitari esse aliquod animal, quod se oderit? Quid censes in Latino fore?','2024-09-18 14:06:47','2024-09-18 14:06:47','C','924fd130-7495-4934-b09c-b4ef5b065dc8'),('50f4aa7f-e538-48de-9940-139fa776a1e9','Itaque hic ipse iam pridem est reiectus...','2024-09-18 14:06:48','2024-09-18 14:06:49','D','c22bd056-fb3b-4688-818f-8267529a80b0'),('5b1c650c-13a1-411f-8cef-30b79010e054','Nunc dicam de voluptate, nihil scilicet novi, ea tamen, quae te?','2024-09-18 14:06:46','2024-09-18 14:06:47','A','819ec6e8-373a-41c9-a204-183fc29338e1'),('61dd4b9e-e450-4303-8481-c25a30f19b10','Itaque hic ipse iam pridem est reiectus...','2024-09-18 14:06:46','2024-09-18 14:06:46','D','7c7afba5-31f2-4a30-925b-99b390aed07c'),('62afec19-3df9-473b-8384-e0701784f961','Itaque hic ipse iam pridem est reiectus...','2024-09-18 14:06:47','2024-09-18 14:06:47','B','8d2ea209-a7ce-4582-9383-4f1bad6977a8'),('68b121a7-766d-4519-8ac9-fedff0c37508','Nunc dicam de voluptate, nihil scilicet novi, ea tamen, quae te?','2024-09-18 14:06:44','2024-09-18 14:06:44','A','1c536e64-c053-4d00-923f-df75db1cc470'),('7a16a21f-0dba-46eb-bc1c-0acbc34cfa31','Nunc dicam de voluptate, nihil scilicet novi, ea tamen, quae te?','2024-09-18 14:06:45','2024-09-18 14:06:45','A','643fa853-c51c-44cd-a28e-3618ebc71107'),('8802634b-872d-4848-b5f8-40359c58048c','Laut cogitari esse aliquod animal, quod se oderit? Quid censes in Latino fore?','2024-09-18 14:06:44','2024-09-18 14:06:44','A','21457c15-3b21-4fd1-aa2a-acb7d70cb39b'),('89f273c3-230f-4242-8afa-aea70bb4db9c','Nunc dicam de voluptate, nihil scilicet novi, ea tamen, quae te?','2024-09-18 14:06:45','2024-09-18 14:06:46','C','7c254b2c-2d90-4f99-8c62-d3460bab36cf'),('9fe4cd36-07e9-40dd-8c06-180a5c0581aa','Itaque hic ipse iam pridem est reiectus...','2024-09-18 14:06:45','2024-09-18 14:06:45','C','643fa853-c51c-44cd-a28e-3618ebc71107'),('a1a998ed-f10b-4cbb-8241-d39c26177ffa','Nunc dicam de voluptate, nihil scilicet novi, ea tamen, quae te?','2024-09-18 14:06:45','2024-09-18 14:06:45','C','5bc3de84-f34b-412d-9b54-227878c59b58'),('abfc1d20-e536-48d9-85dd-711e3865a50a','Laut cogitari esse aliquod animal, quod se oderit? Quid censes in Latino fore?','2024-09-18 14:06:47','2024-09-18 14:06:47','D','87d832ca-8ff6-4b2f-9280-62ab000d2352'),('b06f61cc-94fc-4f8f-930d-9185ea131625','Laut cogitari esse aliquod animal, quod se oderit? Quid censes in Latino fore?','2024-09-18 14:06:48','2024-09-18 14:06:48','B','bff7a155-5194-46bf-b0ca-8a2a195f496b'),('b7e1cf59-8e8d-4177-88f0-59120637a998','Itaque hic ipse iam pridem est reiectus...','2024-09-18 14:06:45','2024-09-18 14:06:46','A','7c254b2c-2d90-4f99-8c62-d3460bab36cf'),('b808d68f-22ea-4d85-a383-5674880ed0ef','Itaque hic ipse iam pridem est reiectus...','2024-09-18 14:06:48','2024-09-18 14:06:48','D','bff7a155-5194-46bf-b0ca-8a2a195f496b'),('c0c381bb-9fb8-4ab8-9234-98e841b7df25','Itaque hic ipse iam pridem est reiectus...','2024-09-18 14:06:47','2024-09-18 14:06:47','A','87d832ca-8ff6-4b2f-9280-62ab000d2352'),('c3652785-6ee5-477c-a0f6-67d9f07ba15c','Nunc dicam de voluptate, nihil scilicet novi, ea tamen, quae te?','2024-09-18 14:06:48','2024-09-18 14:06:49','A','c22bd056-fb3b-4688-818f-8267529a80b0'),('c57ce4d6-2dbc-47ae-9cda-8ac6e889f5d3','Laut cogitari esse aliquod animal, quod se oderit? Quid censes in Latino fore?','2024-09-18 14:06:46','2024-09-18 14:06:46','D','7c7afba5-31f2-4a30-925b-99b390aed07c'),('c6f9f821-75dd-42c9-a46a-9d549427edec','Nunc dicam de voluptate, nihil scilicet novi, ea tamen, quae te?','2024-09-18 14:06:47','2024-09-18 14:06:47','B','924fd130-7495-4934-b09c-b4ef5b065dc8'),('c718966c-79b3-4790-86b0-c4fa840b8af5','Laut cogitari esse aliquod animal, quod se oderit? Quid censes in Latino fore?','2024-09-18 14:06:46','2024-09-18 14:06:47','A','819ec6e8-373a-41c9-a204-183fc29338e1'),('c8028ebb-b6b2-4746-a983-71a8ba603a3c','Laut cogitari esse aliquod animal, quod se oderit? Quid censes in Latino fore?','2024-09-18 14:06:48','2024-09-18 14:06:49','B','c22bd056-fb3b-4688-818f-8267529a80b0'),('dc2ce67d-2a59-4d03-8ed2-54066705faae','Nunc dicam de voluptate, nihil scilicet novi, ea tamen, quae te?','2024-09-18 14:06:44','2024-09-18 14:06:44','B','21457c15-3b21-4fd1-aa2a-acb7d70cb39b'),('e0d8e946-86f6-467f-8696-4f9806fd8075','Itaque hic ipse iam pridem est reiectus...','2024-09-18 14:06:44','2024-09-18 14:06:45','D','23d065cc-1531-41fc-ae14-f773f7764fd7'),('e88ba87f-04b7-4f7f-b1f5-15d2361b43c6','Itaque hic ipse iam pridem est reiectus...','2024-09-18 14:06:47','2024-09-18 14:06:48','C','924fd130-7495-4934-b09c-b4ef5b065dc8'),('ea99749d-157a-4a5a-97c8-b461def8d22e','Laut cogitari esse aliquod animal, quod se oderit? Quid censes in Latino fore?','2024-09-18 14:06:48','2024-09-18 14:06:48','B','b5d17843-3754-4fb5-a6f9-78dc12779e05'),('ef38e3dc-d1fc-47da-86ee-4e0df9a99490','Laut cogitari esse aliquod animal, quod se oderit? Quid censes in Latino fore?','2024-09-18 14:06:45','2024-09-18 14:06:45','B','643fa853-c51c-44cd-a28e-3618ebc71107'),('f1dacdfa-066e-458a-9c1e-c07f91c0d575','Itaque hic ipse iam pridem est reiectus...','2024-09-18 14:06:44','2024-09-18 14:06:44','A','1c536e64-c053-4d00-923f-df75db1cc470'),('f301b911-ef48-4f86-85b6-efca1c50f7d3','Laut cogitari esse aliquod animal, quod se oderit? Quid censes in Latino fore?','2024-09-18 14:06:45','2024-09-18 14:06:46','A','7c254b2c-2d90-4f99-8c62-d3460bab36cf'),('f6bfa3f5-7aa3-4f29-846b-4f90918cfc87','Laut cogitari esse aliquod animal, quod se oderit? Quid censes in Latino fore?','2024-09-18 14:06:47','2024-09-18 14:06:47','C','8d2ea209-a7ce-4582-9383-4f1bad6977a8'),('fbbd7110-e5d2-4d7f-bb59-7ac2f1af5b2d','Nunc dicam de voluptate, nihil scilicet novi, ea tamen, quae te?','2024-09-18 14:06:44','2024-09-18 14:06:45','D','23d065cc-1531-41fc-ae14-f773f7764fd7'),('fff60b37-9500-4322-8bc8-f54e3b52db3c','Laut cogitari esse aliquod animal, quod se oderit? Quid censes in Latino fore?','2024-09-18 14:06:44','2024-09-18 14:06:44','A','1c536e64-c053-4d00-923f-df75db1cc470');
/*!40000 ALTER TABLE `quiz` ENABLE KEYS */;
UNLOCK TABLES;

--
-- Table structure for table `quiz_option`
--

DROP TABLE IF EXISTS `quiz_option`;
/*!40101 SET @saved_cs_client     = @@character_set_client */;
/*!40101 SET character_set_client = utf8 */;
CREATE TABLE `quiz_option` (
  `quiz_id` varchar(60) NOT NULL,
  `option_id` varchar(60) NOT NULL,
  PRIMARY KEY (`quiz_id`,`option_id`),
  KEY `option_id` (`option_id`),
  CONSTRAINT `quiz_option_ibfk_1` FOREIGN KEY (`quiz_id`) REFERENCES `quiz` (`id`) ON DELETE CASCADE ON UPDATE CASCADE,
  CONSTRAINT `quiz_option_ibfk_2` FOREIGN KEY (`option_id`) REFERENCES `option` (`id`) ON DELETE CASCADE ON UPDATE CASCADE
) ENGINE=InnoDB DEFAULT CHARSET=latin1;
/*!40101 SET character_set_client = @saved_cs_client */;

--
-- Dumping data for table `quiz_option`
--

LOCK TABLES `quiz_option` WRITE;
/*!40000 ALTER TABLE `quiz_option` DISABLE KEYS */;
INSERT INTO `quiz_option` VALUES ('50f4aa7f-e538-48de-9940-139fa776a1e9','00df4e15-f5d7-4f04-b7c9-f1c7ce6d7ade'),('c718966c-79b3-4790-86b0-c4fa840b8af5','026d96ae-9bb3-4aaf-a8d0-61146498639f'),('abfc1d20-e536-48d9-85dd-711e3865a50a','03a078cb-9b77-4882-bf0a-e2441630eb1c'),('ef38e3dc-d1fc-47da-86ee-4e0df9a99490','049f5812-aa8b-4d8b-9b27-9612fe12489f'),('07f9ace7-039f-47d1-a312-5dd70b99aefb','069d4d14-6fe5-4741-be25-bac4230f32cc'),('62afec19-3df9-473b-8384-e0701784f961','07b58425-6230-4a8a-b1c0-66ab1fc718c7'),('48101b33-7311-4dac-9281-38d655ea8bde','098e631f-a8a3-4b95-8bc8-17aaafc03ff8'),('68b121a7-766d-4519-8ac9-fedff0c37508','09a29d8d-5d2d-40cb-af82-b654bf828341'),('f1dacdfa-066e-458a-9c1e-c07f91c0d575','09d6d791-e360-4734-b187-c0996ec53d40'),('c3652785-6ee5-477c-a0f6-67d9f07ba15c','0a0870d3-13a8-445b-b366-d4e5c7f6690d'),('50f4aa7f-e538-48de-9940-139fa776a1e9','0ad94319-7dd2-4a38-ab75-b06cb8241888'),('ea99749d-157a-4a5a-97c8-b461def8d22e','0bd47e42-c646-40ce-8a46-d1fe65c154fb'),('29a17823-c8c0-4227-b2e8-d0c84de1fa34','0d2106ad-68b1-4b99-8104-9d8b7e79ec31'),('61dd4b9e-e450-4303-8481-c25a30f19b10','0ec4ebd3-2203-471e-9b61-5b90b732033e'),('f301b911-ef48-4f86-85b6-efca1c50f7d3','0f302791-850e-4964-ab6d-6be2c28a7d10'),('29a17823-c8c0-4227-b2e8-d0c84de1fa34','1489a372-1ab2-4f6c-9979-684bc92b6c18'),('f1dacdfa-066e-458a-9c1e-c07f91c0d575','15bdf7e1-5035-4250-ac89-5b4af515a779'),('c718966c-79b3-4790-86b0-c4fa840b8af5','16b2e60a-2239-416b-9223-592dd01f60d5'),('f1dacdfa-066e-458a-9c1e-c07f91c0d575','17dcdbe9-ebff-4c9c-9a3c-005d7148c997'),('1c1e4621-e6f5-462c-a2b2-90f38dd18e97','18ddc64d-cda4-4a7d-a572-9b3be2344d77'),('b808d68f-22ea-4d85-a383-5674880ed0ef','1f9d6c4b-9c6f-42db-a7b2-78e215e9c9af'),('c0c381bb-9fb8-4ab8-9234-98e841b7df25','20eb92ef-a1e3-4273-92ae-47b868f71931'),('38cd2f11-3eaa-4283-acc5-b1fdd5e16965','26b325f9-eb2d-4a54-8186-a3047769cfab'),('0221149f-8822-4167-94db-c145cc4bb1f7','26bfa3a3-ed2b-43fc-b306-4359690657ea'),('e0d8e946-86f6-467f-8696-4f9806fd8075','28ed0958-51f8-424c-9b2e-fc945745ebbf'),('0221149f-8822-4167-94db-c145cc4bb1f7','2b5d4a1a-c77e-42ec-b98b-3e6ea48d52c2'),('ea99749d-157a-4a5a-97c8-b461def8d22e','2bd9011c-7597-452e-8c9e-e92e205b48e9'),('9fe4cd36-07e9-40dd-8c06-180a5c0581aa','2f41006d-778c-41b3-ab32-34c529cc6e79'),('fff60b37-9500-4322-8bc8-f54e3b52db3c','31cce5b5-d10c-4f82-9b07-0c7e9e282ee0'),('16bb1fb9-827f-4e2d-96a2-ad351d7d96a3','3385da3a-c50c-4c3e-b4d0-9d10df32f934'),('f6bfa3f5-7aa3-4f29-846b-4f90918cfc87','33ad5507-cf65-49da-9697-bde59e38068a'),('abfc1d20-e536-48d9-85dd-711e3865a50a','34bd5a7e-f040-4dac-b73a-2c2573f0b587'),('fff60b37-9500-4322-8bc8-f54e3b52db3c','3645e83f-f947-4346-bd41-ce7bed5fd021'),('c0c381bb-9fb8-4ab8-9234-98e841b7df25','390bb9f8-7ab3-48ca-a387-ba76cff89463'),('ef38e3dc-d1fc-47da-86ee-4e0df9a99490','3c5c1849-9940-4d33-973d-248901bccb69'),('50f4aa7f-e538-48de-9940-139fa776a1e9','3e566bdd-0607-4a85-8bdb-93e3d638f3c1'),('f6bfa3f5-7aa3-4f29-846b-4f90918cfc87','3ebc0393-18d5-492f-ae6a-05138eb3b47a'),('a1a998ed-f10b-4cbb-8241-d39c26177ffa','421c735c-fb2f-496a-8f92-32158afc774b'),('8802634b-872d-4848-b5f8-40359c58048c','42572a65-6f65-47ff-bfd3-79abee12e935'),('16bb1fb9-827f-4e2d-96a2-ad351d7d96a3','42cdbd32-28cb-48bf-9862-523d1c65f3e6'),('17fb120e-f278-427f-a9d8-591c42855184','4376b847-49f3-4b0c-90af-bd1fbe479138'),('f6bfa3f5-7aa3-4f29-846b-4f90918cfc87','43dacad3-ee67-4f11-b5c6-ce50f757d8d2'),('62afec19-3df9-473b-8384-e0701784f961','441d9430-f704-4413-a99f-9de3138eb889'),('dc2ce67d-2a59-4d03-8ed2-54066705faae','45633f05-628b-4b76-b68d-91e2585af7fd'),('07f9ace7-039f-47d1-a312-5dd70b99aefb','469ebe71-4e3b-47b5-a26b-023159d74790'),('c3652785-6ee5-477c-a0f6-67d9f07ba15c','4860c66e-e380-4a59-9ecb-c48a2318266f'),('c6f9f821-75dd-42c9-a46a-9d549427edec','49e2276d-9c55-4fe8-ba77-877489186210'),('c57ce4d6-2dbc-47ae-9cda-8ac6e889f5d3','4bdf3721-96dc-463a-9cae-723c088b97ba'),('08ec4f8c-58f8-4c75-8211-d9ec1f9fbc6f','4cdb919c-99ed-4e21-868f-5d89fab3cdc4'),('fff60b37-9500-4322-8bc8-f54e3b52db3c','4fbabb0b-85e5-4f9e-a420-9e4ccb2eaf27'),('b06f61cc-94fc-4f8f-930d-9185ea131625','4fc20254-70f2-4f30-b781-b876858f669b'),('48101b33-7311-4dac-9281-38d655ea8bde','5143c8d2-3bea-4b1c-bf3f-402901137d28'),('f6bfa3f5-7aa3-4f29-846b-4f90918cfc87','52d868e7-1353-46f8-8c5f-5b1c692aeff2'),('c718966c-79b3-4790-86b0-c4fa840b8af5','53153914-cbc6-470e-846a-3795056b9b76'),('ef38e3dc-d1fc-47da-86ee-4e0df9a99490','548ed0bb-641e-4bb6-9bfa-7f8207c987dd'),('fff60b37-9500-4322-8bc8-f54e3b52db3c','54aae1bf-2b16-45f0-8de0-d641c813b918'),('16bb1fb9-827f-4e2d-96a2-ad351d7d96a3','5791616c-be6d-4276-bc7f-d1fc2d7d71ea'),('8802634b-872d-4848-b5f8-40359c58048c','594d77cc-4e6c-4251-ab92-4d37034e2b8f'),('ea99749d-157a-4a5a-97c8-b461def8d22e','59e51708-bdc8-4e8d-bffa-c40d2021fb9c'),('1d91b05c-06fa-49d1-b485-cd053259233b','5c3406c6-a4ff-48ad-a316-17eff74108e6'),('7a16a21f-0dba-46eb-bc1c-0acbc34cfa31','5edf712b-8a4b-4a1e-97e2-d8372e79d187'),('38cd2f11-3eaa-4283-acc5-b1fdd5e16965','5f40161c-62e7-442d-8864-702135e2bf5a'),('8802634b-872d-4848-b5f8-40359c58048c','5ff2c0d3-a5b4-4e28-95e9-0502cbdf554a'),('f301b911-ef48-4f86-85b6-efca1c50f7d3','61ccd0fc-88a1-453e-85e7-66d35b718f64'),('62afec19-3df9-473b-8384-e0701784f961','61e16283-5b23-46ce-8144-51edd5d1060f'),('e88ba87f-04b7-4f7f-b1f5-15d2361b43c6','647c8870-543d-45d3-9b34-c22c627b5245'),('89f273c3-230f-4242-8afa-aea70bb4db9c','6c25d59e-1747-44b1-8d1b-e25b39342239'),('dc2ce67d-2a59-4d03-8ed2-54066705faae','6e8ff9d6-bfb3-4aa9-a476-637e891126f3'),('ea99749d-157a-4a5a-97c8-b461def8d22e','708b73a7-8f78-4e83-8cc4-7461be907499'),('c0c381bb-9fb8-4ab8-9234-98e841b7df25','7121f89b-14e3-44b5-baf2-29c6c7084222'),('48101b33-7311-4dac-9281-38d655ea8bde','7141b56b-039c-4cf0-84c3-b89e26bb4368'),('e88ba87f-04b7-4f7f-b1f5-15d2361b43c6','71ac83f2-e016-4eac-9679-b39e084ea980'),('c0c381bb-9fb8-4ab8-9234-98e841b7df25','72484e14-0d37-441b-aa84-a42469b5140c'),('07f9ace7-039f-47d1-a312-5dd70b99aefb','73c419fb-4f6f-42b4-8b4f-d4b1d20be22e'),('17fb120e-f278-427f-a9d8-591c42855184','743d3f09-3f96-42da-aa6a-4e8bd36b2333'),('0221149f-8822-4167-94db-c145cc4bb1f7','747ebd39-6578-4264-99dc-67910f64f923'),('62afec19-3df9-473b-8384-e0701784f961','754e7a84-44c9-4169-9074-f4f7c69a5f3a'),('7a16a21f-0dba-46eb-bc1c-0acbc34cfa31','7af757d2-eb37-4709-8ffb-6d2f8c4f5636'),('c57ce4d6-2dbc-47ae-9cda-8ac6e889f5d3','7b62e10d-8644-4a9b-962a-4ab3724c2308'),('9fe4cd36-07e9-40dd-8c06-180a5c0581aa','7d643a4c-e733-473d-bdce-ded33a2794cd'),('dc2ce67d-2a59-4d03-8ed2-54066705faae','7d9f661a-ebfe-4ca4-8737-efd26e6bc7c5'),('c6f9f821-75dd-42c9-a46a-9d549427edec','801d8598-80d4-4fe0-8e2d-62f1291e27a1'),('b06f61cc-94fc-4f8f-930d-9185ea131625','80b7f79b-6884-4538-b4e6-0f662ad94340'),('5b1c650c-13a1-411f-8cef-30b79010e054','81f5a64e-cdbd-4891-b013-dedf2c6c5387'),('c8028ebb-b6b2-4746-a983-71a8ba603a3c','82195cb2-c820-4c47-a6e5-1bf651691d80'),('1c1e4621-e6f5-462c-a2b2-90f38dd18e97','838c124d-cfa0-41ed-aab7-785c2d34b038'),('89f273c3-230f-4242-8afa-aea70bb4db9c','84db23b1-ec14-447e-ae50-75ceb47b6269'),('f1dacdfa-066e-458a-9c1e-c07f91c0d575','8541ea50-552c-4edd-b3b8-2fc4708ab70b'),('c3652785-6ee5-477c-a0f6-67d9f07ba15c','868a8a6a-30e8-4b3a-9e61-7dfa5e9adaa1'),('10b565cb-b09a-4a7e-8d36-fa7e6fcdafbc','870859a1-4933-41c0-af7e-fa90086b7ffa'),('08ec4f8c-58f8-4c75-8211-d9ec1f9fbc6f','8824c8fa-84c0-4f23-9ed3-306e6f1dcd17'),('abfc1d20-e536-48d9-85dd-711e3865a50a','8a3e2eac-f19b-4edc-a0a0-f3e990bd63d9'),('89f273c3-230f-4242-8afa-aea70bb4db9c','8adba2dc-62d6-415c-b0a6-ccf1abb108d5'),('e0d8e946-86f6-467f-8696-4f9806fd8075','8bb8f9c3-fcab-48a8-9c90-47a7920005ae'),('b06f61cc-94fc-4f8f-930d-9185ea131625','8cfa941b-7edb-4349-8159-a8e65a2b3301'),('5b1c650c-13a1-411f-8cef-30b79010e054','8d0ad0b7-4cc6-4f59-857c-0c6297e28779'),('f301b911-ef48-4f86-85b6-efca1c50f7d3','8d5d8025-7501-4601-9448-141cf3bf6686'),('abfc1d20-e536-48d9-85dd-711e3865a50a','8e65bff6-de21-4c6b-91f1-beab959e10e1'),('c6f9f821-75dd-42c9-a46a-9d549427edec','8f992b60-1f16-403a-8e48-3c787edd044d'),('1d91b05c-06fa-49d1-b485-cd053259233b','8fa9bd4a-a367-4b0a-80fd-a8a48bca24f0'),('07f9ace7-039f-47d1-a312-5dd70b99aefb','8ffd2449-21cc-4525-9792-9084987e6976'),('c8028ebb-b6b2-4746-a983-71a8ba603a3c','90f07589-83d3-40ea-beb9-beeabc255fe3'),('68b121a7-766d-4519-8ac9-fedff0c37508','9433fab1-6f7f-43f3-ba54-319bc4288a6a'),('0221149f-8822-4167-94db-c145cc4bb1f7','95a3157b-aae1-4aa1-b2ec-ba08283c4e19'),('89f273c3-230f-4242-8afa-aea70bb4db9c','971817c1-921f-4ca4-8f17-752575b77518'),('29a17823-c8c0-4227-b2e8-d0c84de1fa34','993cf187-a7fa-40e2-93cc-880518377d5d'),('61dd4b9e-e450-4303-8481-c25a30f19b10','99b172dd-f577-4940-8da1-a944d6a3f7cf'),('b7e1cf59-8e8d-4177-88f0-59120637a998','9b97fe7f-51f4-4081-9d93-58593470d1bf'),('16d2020b-3229-4f0a-91d5-b4f562670dc7','9d7aac02-430d-484d-b910-4270e4d106e1'),('e0d8e946-86f6-467f-8696-4f9806fd8075','9f9f4b57-cee5-46e5-9133-ca240fdce539'),('61dd4b9e-e450-4303-8481-c25a30f19b10','a0ec1697-7603-4195-81f3-3f556b50e223'),('16d2020b-3229-4f0a-91d5-b4f562670dc7','a30fe1a8-bcd0-4dbb-a7e4-4854cedd990b'),('c57ce4d6-2dbc-47ae-9cda-8ac6e889f5d3','a39547a1-b974-40d0-bba0-ff33f6f7170e'),('fbbd7110-e5d2-4d7f-bb59-7ac2f1af5b2d','a5032c5f-bdb3-4a56-923f-f2c85b7ffde2'),('48101b33-7311-4dac-9281-38d655ea8bde','a784b170-3322-40c6-a093-d56c3190d42c'),('b06f61cc-94fc-4f8f-930d-9185ea131625','a7e8a326-64a5-484f-b2e6-42659bbd53bc'),('b808d68f-22ea-4d85-a383-5674880ed0ef','a933c40e-66b1-471f-8350-8d770ac075ce'),('10b565cb-b09a-4a7e-8d36-fa7e6fcdafbc','abc50433-6ca5-4dcb-b74e-8ff183c1b60c'),('1d91b05c-06fa-49d1-b485-cd053259233b','abf5db12-9938-4313-8e7e-35687a9d0060'),('17fb120e-f278-427f-a9d8-591c42855184','af3e569c-66d0-4bba-9275-6c0cb7592c32'),('c8028ebb-b6b2-4746-a983-71a8ba603a3c','af4fad4f-9204-42ae-ac9c-58d602433c53'),('c57ce4d6-2dbc-47ae-9cda-8ac6e889f5d3','b01d13d3-7c04-4601-a365-2044050299af'),('c718966c-79b3-4790-86b0-c4fa840b8af5','b4d11d01-6513-4868-8e95-c38f864e8074'),('16d2020b-3229-4f0a-91d5-b4f562670dc7','b54f68f7-ee6d-4770-8e67-6f81c64565a6'),('ef38e3dc-d1fc-47da-86ee-4e0df9a99490','b66220d1-6b03-406a-9e5e-30e70dffa03a'),('16bb1fb9-827f-4e2d-96a2-ad351d7d96a3','b8044c1e-fa5c-48b7-ba43-3c7e0849bec2'),('1d91b05c-06fa-49d1-b485-cd053259233b','b8596df6-f003-46c3-a6bb-4963fa36d131'),('17fb120e-f278-427f-a9d8-591c42855184','b90b8250-6157-426b-b592-d88ab4be7bc2'),('a1a998ed-f10b-4cbb-8241-d39c26177ffa','b973159f-6f83-4938-8347-3ec4d69151f9'),('dc2ce67d-2a59-4d03-8ed2-54066705faae','bc6c1ece-d9c3-48ae-bbb6-8ca1eb956a6f'),('9fe4cd36-07e9-40dd-8c06-180a5c0581aa','c595db50-622d-410a-acc4-e7ce933a8fdf'),('fbbd7110-e5d2-4d7f-bb59-7ac2f1af5b2d','c5a4b1c1-baa0-4b66-baaa-d5f04b45d5d3'),('a1a998ed-f10b-4cbb-8241-d39c26177ffa','c5df5a84-568a-46e1-a0a8-85079bc9ae7c'),('5b1c650c-13a1-411f-8cef-30b79010e054','c7dcbd2a-b1b2-4181-88b8-fca95f09583d'),('b808d68f-22ea-4d85-a383-5674880ed0ef','c9b2a816-aad4-4a2a-b086-14eec5105c83'),('e88ba87f-04b7-4f7f-b1f5-15d2361b43c6','ca0a9cb2-4f5f-4eeb-b1bb-959190e8ec4e'),('08ec4f8c-58f8-4c75-8211-d9ec1f9fbc6f','cac0ba97-84ca-4eb8-a15e-b5bea1c250ff'),('e88ba87f-04b7-4f7f-b1f5-15d2361b43c6','cb741b64-371d-4ecf-ad08-03b1cc5bd3a2'),('7a16a21f-0dba-46eb-bc1c-0acbc34cfa31','cc5d93d7-20a8-4439-8d2d-83cf55d145f0'),('68b121a7-766d-4519-8ac9-fedff0c37508','cfa3d592-6a22-48ef-a412-01742cedbc0c'),('1c1e4621-e6f5-462c-a2b2-90f38dd18e97','d15743fb-14bf-42d3-b866-54d724033f9f'),('c3652785-6ee5-477c-a0f6-67d9f07ba15c','d36fb1c8-8853-4452-93f3-6d4f9925e307'),('7a16a21f-0dba-46eb-bc1c-0acbc34cfa31','d72e949a-3468-4770-875b-da940dc2d4ef'),('8802634b-872d-4848-b5f8-40359c58048c','d8e109c0-93ed-4d07-a73f-1d0f27ee3a6e'),('b7e1cf59-8e8d-4177-88f0-59120637a998','db67bae8-7847-4f55-a57d-a5de2b4e0661'),('16d2020b-3229-4f0a-91d5-b4f562670dc7','dd52600b-4a9e-403c-913f-dbece8d3362e'),('08ec4f8c-58f8-4c75-8211-d9ec1f9fbc6f','de5e69d9-4343-4768-a7d1-de49cc345397'),('c8028ebb-b6b2-4746-a983-71a8ba603a3c','deb0dc0c-aec4-47d1-9d7b-1d4f29de4bd2'),('5b1c650c-13a1-411f-8cef-30b79010e054','e183bf72-e4f0-4420-8459-8f0f523fb9b4'),('10b565cb-b09a-4a7e-8d36-fa7e6fcdafbc','e572d13b-cd50-4465-bbc6-662be78dfc47'),('f301b911-ef48-4f86-85b6-efca1c50f7d3','e7903adc-0a25-47ba-9685-f576859dc81b'),('b7e1cf59-8e8d-4177-88f0-59120637a998','e7bd3413-da46-4b2f-b6bf-05fc64e94166'),('61dd4b9e-e450-4303-8481-c25a30f19b10','e7c720b6-c683-4741-91fc-0acfd94c8833'),('10b565cb-b09a-4a7e-8d36-fa7e6fcdafbc','e879f931-706d-453f-85df-3a82a61f11c6'),('50f4aa7f-e538-48de-9940-139fa776a1e9','efeb8b70-e4a1-4571-9160-938f141514ae'),('9fe4cd36-07e9-40dd-8c06-180a5c0581aa','f005eec9-de1d-44f7-8fe0-84cfb1e97c8e'),('68b121a7-766d-4519-8ac9-fedff0c37508','f07313dd-442a-40c8-b680-0ce4ddbf0a7e'),('38cd2f11-3eaa-4283-acc5-b1fdd5e16965','f0b691a1-3377-4d05-a928-b1c46c046274'),('b7e1cf59-8e8d-4177-88f0-59120637a998','f0e8379e-5f4e-4f25-ae2b-d988eccae5ed'),('fbbd7110-e5d2-4d7f-bb59-7ac2f1af5b2d','f12c2dc7-ab21-4f65-9821-5de8fbd11837'),('38cd2f11-3eaa-4283-acc5-b1fdd5e16965','f48a4cf3-45fb-4534-b521-dfa1c1e98a93'),('29a17823-c8c0-4227-b2e8-d0c84de1fa34','f5490c5e-7324-4211-9dce-3e87806e5b54'),('c6f9f821-75dd-42c9-a46a-9d549427edec','f6b66ec8-8d61-423e-84a8-8bfb83a8409c'),('fbbd7110-e5d2-4d7f-bb59-7ac2f1af5b2d','f82dbcd5-fc86-4455-b56b-bd92a14831ee'),('1c1e4621-e6f5-462c-a2b2-90f38dd18e97','fc150f1c-f40f-4588-975c-67bae1f390e9'),('e0d8e946-86f6-467f-8696-4f9806fd8075','fc7a0894-cd8f-40ad-8f15-ae15a1f2ee4e'),('b808d68f-22ea-4d85-a383-5674880ed0ef','fcb3b307-b0f1-49a7-8f4f-13445a797316'),('a1a998ed-f10b-4cbb-8241-d39c26177ffa','fe955454-6481-45ff-9492-7643f4a026db');
/*!40000 ALTER TABLE `quiz_option` ENABLE KEYS */;
UNLOCK TABLES;

--
-- Table structure for table `resource`
--

DROP TABLE IF EXISTS `resource`;
/*!40101 SET @saved_cs_client     = @@character_set_client */;
/*!40101 SET character_set_client = utf8 */;
CREATE TABLE `resource` (
  `id` varchar(60) NOT NULL,
  `description` text NOT NULL,
  `created_at` datetime DEFAULT NULL,
  `updated_at` datetime DEFAULT NULL,
  `url` varchar(1024) NOT NULL,
  PRIMARY KEY (`id`)
) ENGINE=InnoDB DEFAULT CHARSET=latin1;
/*!40101 SET character_set_client = @saved_cs_client */;

--
-- Dumping data for table `resource`
--

LOCK TABLES `resource` WRITE;
/*!40000 ALTER TABLE `resource` DISABLE KEYS */;
INSERT INTO `resource` VALUES ('0c07dd48-497b-45e5-a917-5f0f35592448','Lorem ipsum dolor sit amet','2024-09-17 08:42:41','2024-09-17 08:42:41','Lorem ipsum dolor sit amet'),('4351a53a-9857-492b-804e-63cb3bdd9d7e','Cum ageremus','2024-09-17 08:42:41','2024-09-17 08:42:41','Cum ageremus'),('45d85396-3687-4264-a9e6-dfbe67355aa5','voluptatem vocant. Ad eas enim res','2024-09-17 08:42:41','2024-09-17 08:42:41','voluptatem vocant. Ad eas enim res'),('5a64b37a-8d7e-4c35-8f58-bd9ae2b5bb20','Si id dicis, vicimus','2024-09-17 08:42:41','2024-09-17 08:42:41','Si id dicis, vicimus'),('672df3fc-b576-4b0c-93ac-7c01ce750f53','Lorem ipsum dolor sit amet','2024-09-17 08:42:41','2024-09-17 08:42:41','Lorem ipsum dolor sit amet'),('6857f84a-f709-45be-8b9c-3d4e9201617c','Lorem ipsum dolor sit amet','2024-09-17 08:42:41','2024-09-17 08:42:41','Lorem ipsum dolor sit amet'),('7dc55fae-33f3-4c1e-8177-99285399cbdb','Cum ageremus, inquit, vitae','2024-09-17 08:42:41','2024-09-17 08:42:41','Cum ageremus, inquit, vitae'),('da6588dc-d077-4ba4-8b4b-4cab4b4afaeb','Si id dicis, vicimus','2024-09-17 08:42:42','2024-09-17 08:42:42','Si id dicis, vicimus'),('da825687-231e-41c7-a26d-967beae1e760','Cum ageremus, inquit, vitae','2024-09-17 08:42:41','2024-09-17 08:42:41','Cum ageremus, inquit, vitae'),('fac32698-d5b1-4571-8b3d-728deb4f1852','voluptatem vocant.res','2024-09-17 08:42:41','2024-09-17 08:42:41','voluptatem vocant.res');
/*!40000 ALTER TABLE `resource` ENABLE KEYS */;
UNLOCK TABLES;
/*!40103 SET TIME_ZONE=@OLD_TIME_ZONE */;

/*!40101 SET SQL_MODE=@OLD_SQL_MODE */;
/*!40014 SET FOREIGN_KEY_CHECKS=@OLD_FOREIGN_KEY_CHECKS */;
/*!40014 SET UNIQUE_CHECKS=@OLD_UNIQUE_CHECKS */;
/*!40101 SET CHARACTER_SET_CLIENT=@OLD_CHARACTER_SET_CLIENT */;
/*!40101 SET CHARACTER_SET_RESULTS=@OLD_CHARACTER_SET_RESULTS */;
/*!40101 SET COLLATION_CONNECTION=@OLD_COLLATION_CONNECTION */;
/*!40111 SET SQL_NOTES=@OLD_SQL_NOTES */;

-- Dump completed on 2024-09-20 21:53:41
